证据ID,产品ID,证据类型,标题,来源URL,发布者,主张摘要,证据等级,地区,产品版本,采集日期,核验人,核验状态,本地素材路径,备注
EVD-001,PRD-001,官网,Replika 官网,https://replika.com/,Replika,"长期记忆与产品定位",A,全球,未知,2026-07-16,待复核,已核验,,厂商功能自述
EVD-002,PRD-001,帮助中心,关系状态与 Pro,https://help.replika.com/hc/en-us/articles/360046490131-How-do-I-change-my-relationship-status,Replika,"关系状态与订阅权益",A,全球,未知,2026-07-16,待复核,已核验,,
EVD-003,PRD-002,官网,Nomi 官网,https://nomi.ai/,Nomi,"记忆、人格与语音",A,全球,未知,2026-07-16,待复核,已核验,,厂商功能自述
EVD-004,PRD-003,帮助中心,Kindroid 记忆架构,https://kindroid.ai/docs/article/memory/,Kindroid,"记忆分层与可见召回",A,全球,未知,2026-07-16,待复核,已核验,,
EVD-005,PRD-003,帮助中心,Kindroid 订阅权益,https://kindroid.ai/docs/article/subscriptions/,Kindroid,"订阅、群聊与定制语音",A,全球,未知,2026-07-16,待复核,已核验,,
EVD-006,PRD-004,官方博客,Character Calls,https://blog.character.ai/introducing-character-calls/,Character.AI,"角色语音通话",A,全球,未知,2026-07-16,待复核,已核验,,
EVD-007,PRD-004,官方博客,Character Group Chat,https://blog.character.ai/new-feature-announcement-character-group-chat/,Character.AI,"人类与多个AI角色群聊",A,全球,未知,2026-07-16,待复核,已核验,,
EVD-008,PRD-005,官网,Tolan 官网,https://www.tolans.com/,Tolan,"具身角色、互动与厂商自述指标",A,全球,未知,2026-07-16,待复核,已核验,,效果数字只作厂商自述
EVD-009,PRD-005,FAQ,Tolan FAQ,https://www.tolans.com/faq,Tolan,"记忆、隐私、年龄与账号删除",A,全球,未知,2026-07-16,待复核,已核验,,
EVD-010,PRD-006,官网,Friend 硬件页,https://friend.com/?page=hardware,Friend,"挂坠、被动收音与价格",A,美国,未知,2026-07-16,待复核,已核验,,体验与销量待独立验证
EVD-011,PRD-007,FAQ,ElliQ FAQ,https://elliq.com/pages/faqs,ElliQ,"60+定位、主动陪伴与家属App",A,美国,未知,2026-07-16,待复核,已核验,,
EVD-012,PRD-008,官网,Moflin 官网,https://www.casio.com/us/moflin/,CASIO,"情绪AI、成长与触摸互动",A,美国,未知,2026-07-16,待复核,已核验,,健康相关效果为厂商表述
EVD-013,PRD-001,Google Play,Replika Google Play,https://play.google.com/store/apps/details?id=ai.replika.app,Google Play,"公开安装区间 10M+；Android Package 为 ai.replika.app",A,美国,当前商店版本,2026-07-16,待复核,已核验,,安装区间是公开下限与相邻档位推导上限
EVD-014,PRD-002,Google Play,Nomi Google Play,https://play.google.com/store/apps/details?id=ai.nomi.twa,Google Play,"公开安装区间 100K+；Android Package 为 ai.nomi.twa",A,美国,当前商店版本,2026-07-16,待复核,已核验,,
EVD-015,PRD-003,Google Play,Kindroid Google Play,https://play.google.com/store/apps/details?id=com.kindroid.app,Google Play,"公开安装区间 1M+；Android Package 为 com.kindroid.app",A,美国,当前商店版本,2026-07-16,待复核,已核验,,
EVD-016,PRD-004,Google Play,Character.AI Google Play,https://play.google.com/store/apps/details?id=ai.character.app,Google Play,"公开安装区间 50M+；Android Package 为 ai.character.app",A,美国,当前商店版本,2026-07-16,待复核,已核验,,
EVD-017,PRD-005,Google Play,Tolan Google Play,https://play.google.com/store/apps/details?id=com.portola.tolan,Google Play,"公开安装区间 50K+；未达到本轮 Android 100K 门槛",A,美国,当前商店版本,2026-07-16,待复核,已核验,,因战略价值保留为重点产品
EVD-018,PRD-009,Google Play,Talkie Google Play,https://play.google.com/store/apps/details?id=com.weaver.app.prod,Google Play,"公开安装区间 50M+；Android Package 为 com.weaver.app.prod",A,美国,当前商店版本,2026-07-16,待复核,已核验,,iOS 品牌映射仍需复核
EVD-019,PRD-010,Google Play,CHAI Google Play,https://play.google.com/store/apps/details?id=com.Beauchamp.Messenger.external,Google Play,"公开安装区间 10M+",A,美国,当前商店版本,2026-07-16,待复核,已核验,,
EVD-020,PRD-011,Google Play,Anima Google Play,https://play.google.com/store/apps/details?id=anima.virtual.ai.robot.friend,Google Play,"公开安装区间 1M+",A,美国,当前商店版本,2026-07-16,待复核,已核验,,
EVD-021,PRD-012,Google Play,Paradot Google Play,https://play.google.com/store/apps/details?id=com.withfeelingai.test,Google Play,"公开安装区间 10M+",A,美国,当前商店版本,2026-07-16,待复核,已核验,,
EVD-022,PRD-013,Google Play,EVA AI Google Play,https://play.google.com/store/apps/details?id=com.ifriend.app,Google Play,"公开安装区间 5M+",A,美国,当前商店版本,2026-07-16,待复核,已核验,,
EVD-023,PRD-014,Google Play,PolyBuzz Google Play,https://play.google.com/store/apps/details?id=ai.socialapps.speakmaster,Google Play,"公开安装区间 10M+",A,美国,当前商店版本,2026-07-16,待复核,已核验,,
EVD-024,PRD-015,Google Play,HiWaifu Google Play,https://play.google.com/store/apps/details?id=com.hiwaifu.app,Google Play,"当前公开安装区间 5M+；当前包名为 com.hiwaifu.app",A,美国,当前商店版本,2026-07-16,待复核,已核验,,原线索 com.ai.friend.chatbot 当前页面不可访问
EVD-025,PRD-016,Google Play,Linky Google Play,https://play.google.com/store/apps/details?id=com.aigc.ushow.ichat,Google Play,"公开安装区间 5M+",A,美国,当前商店版本,2026-07-16,待复核,已核验,,
EVD-026,PRD-017,Google Play,Romantic AI Google Play,https://play.google.com/store/apps/details?id=com.testa.chatbot,Google Play,"公开安装区间 1M+；商店标题为 AI Girlfriend: Romantic Chat",A,美国,当前商店版本,2026-07-16,待复核,已核验,,
EVD-027,PRD-018,Google Play,iGirl Google Play,https://play.google.com/store/apps/details?id=ai.girlfriend.virtual.dating.lover.igirl,Google Play,"公开安装区间 1M+",A,美国,当前商店版本,2026-07-16,待复核,已核验,,
EVD-028,PRD-019,Google Play,Pi Google Play,https://play.google.com/store/apps/details?id=ai.inflection.pi,Google Play,"公开安装区间 500K+",A,美国,当前商店版本,2026-07-16,待复核,已核验,,
EVD-029,PRD-020,Google Play,Botify AI Google Play,https://play.google.com/store/apps/details?id=ai.botify.app,Google Play,"公开安装区间 1M+",A,美国,当前商店版本,2026-07-16,待复核,已核验,,
EVD-030,PRD-021,Google Play,Dopple.AI Google Play,https://play.google.com/store/apps/details?id=mobile.dopple.ai,Google Play,"公开安装区间 1M+；商店页显示最近更新为 2025-06-16",A,美国,当前商店版本,2026-07-16,待复核,已核验,,需继续核验活跃状态
EVD-031,PRD-022,Google Play,Emochi Google Play,https://play.google.com/store/apps/details?id=com.flow.mobile,Google Play,"公开安装区间 10M+",A,美国,当前商店版本,2026-07-16,待复核,已核验,,
EVD-032,PRD-023,Google Play,RolePlai Google Play,https://play.google.com/store/apps/details?id=com.roleplai.app,Google Play,"公开安装区间 500K+",A,美国,当前商店版本,2026-07-16,待复核,已核验,,
EVD-033,PRD-024,Google Play,Poppy Google Play,https://play.google.com/store/apps/details?id=com.poppy.helper.tkb,Google Play,"公开安装区间 100K+",A,美国,当前商店版本,2026-07-16,待复核,已核验,,
EVD-034,PRD-025,Google Play,Crush AI Google Play,https://play.google.com/store/apps/details?id=com.xphotokit.crushai,Google Play,"公开安装区间 100K+；不是 CrushOn.AI",A,美国,当前商店版本,2026-07-16,待复核,已核验,,
EVD-035,PRD-001,App Store,Replika App Store,https://apps.apple.com/us/app/replika-ai-companion-chat/id1158555867,Apple,"iOS App ID 1158555867；美国区评分数为规模代理但不是下载量",A,美国,当前商店版本,2026-07-16,待复核,已核验,,评分与评论量只作发现/优先级代理
EVD-036,PRD-002,App Store,Nomi App Store,https://apps.apple.com/us/app/nomi-ai-companion-with-a-soul/id6450270929,Apple,"当前美国区 iOS App ID 6450270929",A,美国,当前商店版本,2026-07-16,待复核,已核验,,纠正先前旧 ID 线索
EVD-037,PRD-003,App Store,Kindroid App Store,https://apps.apple.com/us/app/kindroid-your-personal-ai/id6451038161,Apple,"iOS App ID 6451038161",A,美国,当前商店版本,2026-07-16,待复核,已核验,,
EVD-038,PRD-004,App Store,Character.AI App Store,https://apps.apple.com/us/app/character-ai-chat-talk-text/id1671705818,Apple,"iOS App ID 1671705818",A,美国,当前商店版本,2026-07-16,待复核,已核验,,
EVD-039,PRD-009,App Store,Talkie Lab App Store,https://apps.apple.com/us/app/talkie-lab-ai-playground/id6740326134,Apple,"美国区条目为 Talkie Lab；开发者为 SUBSUP PTE. LTD.",A,美国,当前商店版本,2026-07-16,待复核,待复核,,需确认与 Android Talkie 的连续品牌关系
EVD-040,PRD-010,Apple Search API,CHAI 美国区检索,https://itunes.apple.com/search?term=CHAI%20AI&country=us&entity=software&limit=50,Apple,"未找到可确认属于 CHAI Research 的当前美国区条目",A,美国,当前商店版本,2026-07-16,待复核,待复核,,负向检索结果仅对当前时间和美国区有效
EVD-041,PRD-011,Apple Search API,Anima 美国区检索,https://itunes.apple.com/search?term=Anima%20AI%20Friend&country=us&entity=software&limit=50,Apple,"未找到可确认属于 Android Anima 产品的当前美国区条目",A,美国,当前商店版本,2026-07-16,待复核,待复核,,负向检索结果仅对当前时间和美国区有效
EVD-042,PRD-012,App Store,Paradot App Store,https://apps.apple.com/us/app/paradot-ai-personal-ai-friend/id6451469304,Apple,"iOS App ID 6451469304",A,美国,当前商店版本,2026-07-16,待复核,已核验,,
EVD-043,PRD-013,App Store,EVA AI App Store,https://apps.apple.com/us/app/eva-ai-soulmate/id1551794721,Apple,"iOS App ID 1551794721",A,美国,当前商店版本,2026-07-16,待复核,已核验,,
EVD-044,PRD-014,App Store,PolyBuzz App Store,https://apps.apple.com/us/app/polybuzz-chat-with-characters/id6449190344,Apple,"iOS App ID 6449190344",A,美国,当前商店版本,2026-07-16,待复核,已核验,,
EVD-045,PRD-026,Google Play,Rosytalk Google Play,https://play.google.com/store/apps/details?id=com.rosytalk.ai,Google Play,"公开安装区间 5M+；38.2K 条评分/评论；2026-07-10 更新",A,美国,当前商店版本,2026-07-16,待复核,已核验,output/playwright/PRD-026_google_play_2026-07-16.png,已保存商店页首屏截图
EVD-046,PRD-027,Google Play,Fantasia Google Play,https://play.google.com/store/apps/details?id=com.fantasia.ai,Google Play,"公开安装区间 1M+；2026-07-03 更新",A,美国,当前商店版本,2026-07-16,待复核,已核验,,
EVD-047,PRD-028,Google Play,Dialogue Google Play,https://play.google.com/store/apps/details?id=com.pheon,Google Play,"公开安装区间 1M+；2026-06-26 更新",A,美国,当前商店版本,2026-07-16,待复核,已核验,,
EVD-048,PRD-029,Google Play,Saylo Google Play,https://play.google.com/store/apps/details?id=com.xverse.aistory,Google Play,"公开安装区间 5M+；2026-07-04 更新",A,美国,当前商店版本,2026-07-16,待复核,已核验,,
EVD-049,PRD-030,Google Play,Otherhalf Google Play,https://play.google.com/store/apps/details?id=com.azimov.otherhalf,Google Play,"公开安装区间 100K+；2026-05-14 更新",A,美国,当前商店版本,2026-07-16,待复核,已核验,,
EVD-050,PRD-031,Google Play,MingloTalk Google Play,https://play.google.com/store/apps/details?id=ai.minglotalk.chatbot,Google Play,"公开安装区间 500K+；2026-06-09 更新",A,美国,当前商店版本,2026-07-16,待复核,已核验,,
EVD-051,PRD-032,Google Play,Dootchi Google Play,https://play.google.com/store/apps/details?id=com.lucky.zootchi,Google Play,"公开安装区间 1M+；2026-06-25 更新",A,美国,当前商店版本,2026-07-16,待复核,已核验,,
EVD-052,PRD-033,Google Play,Cycle AI Google Play,https://play.google.com/store/apps/details?id=com.cycleai.android,Google Play,"公开安装区间 1M+；2026-07-03 更新",A,美国,当前商店版本,2026-07-16,待复核,已核验,,
EVD-053,PRD-034,Google Play,Flipped Google Play,https://play.google.com/store/apps/details?id=com.dating.ai,Google Play,"公开安装区间 1M+；2026-07-10 更新",A,美国,当前商店版本,2026-07-16,待复核,已核验,,
EVD-054,PRD-035,Google Play,zeta Google Play,https://play.google.com/store/apps/details?id=com.scatterlab.messenger,Google Play,"公开安装区间 1M+；2026-07-15 更新",A,美国,当前商店版本,2026-07-16,待复核,已核验,,
EVD-055,PRD-036,Google Play,PixelChat Google Play,https://play.google.com/store/apps/details?id=ai.nextday.mobile.android.pixelchat,Google Play,"公开安装区间 500K+；2026-07-08 更新",A,美国,当前商店版本,2026-07-16,待复核,已核验,,
EVD-056,PRD-037,Google Play,Rochat Google Play,https://play.google.com/store/apps/details?id=ai.rochat.bot,Google Play,"公开安装区间 500K+；2026-07-02 更新",A,美国,当前商店版本,2026-07-16,待复核,已核验,,
EVD-057,PRD-038,Google Play,Suka Google Play,https://play.google.com/store/apps/details?id=com.ezuseapp.ezcrush.chatbot,Google Play,"公开安装区间 500K+；2025-12-29 更新",A,美国,当前商店版本,2026-07-16,待复核,已核验,,
EVD-058,PRD-039,Google Play,Moescape Google Play,https://play.google.com/store/apps/details?id=ai.moescape.android,Google Play,"公开安装区间 500K+；2026-07-15 更新",A,美国,当前商店版本,2026-07-16,待复核,已核验,,
EVD-059,PRD-040,Google Play,Blush Google Play,https://play.google.com/store/apps/details?id=ai.blush,Google Play,"公开安装区间 1M+；2026-07-03 更新",A,美国,当前商店版本,2026-07-16,待复核,已核验,,
EVD-060,PRD-041,Google Play,LoveMode Google Play,https://play.google.com/store/apps/details?id=com.kodrak.aidreamgirls,Google Play,"公开安装区间 500K+；2026-06-23 更新",A,美国,当前商店版本,2026-07-16,待复核,已核验,,
EVD-061,PRD-042,Google Play,Crushie AI Google Play,https://play.google.com/store/apps/details?id=ai.onspace.app,Google Play,"公开安装区间 100K+；2026-07-02 更新",A,美国,当前商店版本,2026-07-16,待复核,已核验,,商店标题显示为 Crushie Al: Romance AI Chat
EVD-062,PRD-043,Google Play,MiraiMind Google Play,https://play.google.com/store/apps/details?id=com.immomo.miraimind,Google Play,"公开安装区间 1M+；2026-07-10 更新",A,美国,当前商店版本,2026-07-16,待复核,已核验,,
EVD-063,PRD-044,Google Play,AI Dungeon Google Play,https://play.google.com/store/apps/details?id=com.aidungeon,Google Play,"公开安装区间 1M+；2026-07-15 更新",A,美国,当前商店版本,2026-07-16,待复核,已核验,,邻接互动叙事品类
EVD-064,PRD-045,Google Play,FictionLab AI Google Play,https://play.google.com/store/apps/details?id=ai.fictionlab.app,Google Play,"公开安装区间 100K+；2026-07-13 更新",A,美国,当前商店版本,2026-07-16,待复核,已核验,,
EVD-065,PRD-046,Google Play,Hangjam Google Play,https://play.google.com/store/apps/details?id=ai.hangjam.app,Google Play,"公开安装区间 100K+；2026-06-22 更新",A,美国,当前商店版本,2026-07-16,待复核,已核验,,
EVD-066,PRD-047,Google Play,Yollo AI Google Play,https://play.google.com/store/apps/details?id=com.isetsail.yollo,Google Play,"公开安装区间 100K+；2026-06-05 更新",A,美国,当前商店版本,2026-07-16,待复核,已核验,,
EVD-067,PRD-048,Google Play,Tipsy Chat Google Play,https://play.google.com/store/apps/details?id=com.tipsyturbo.app,Google Play,"公开安装区间 1M+；2026-07-12 更新",A,美国,当前商店版本,2026-07-16,待复核,已核验,,
EVD-068,PRD-049,Google Play,Sakura Google Play,https://play.google.com/store/apps/details?id=fm.sakura.app,Google Play,"公开安装区间 500K+；最近更新为 2024-12-30",A,美国,当前商店版本,2026-07-16,待复核,已核验,,活跃状态待进一步核验
EVD-069,PRD-050,Google Play,Kajiwoto Google Play,https://play.google.com/store/apps/details?id=com.cho.kajiwoto,Google Play,"公开安装区间 100K+；最近更新为 2024-10-31",A,美国,当前商店版本,2026-07-16,待复核,已核验,,活跃状态待进一步核验
EVD-070,PRD-051,Google Play,DeepLove AI Google Play,https://play.google.com/store/apps/details?id=com.deeplove.ai,Google Play,公开安装区间 100K+；最近更新为 2026-07-02,A,美国,当前商店版本,2026-07-16,待复核,已核验,,通过 Playwright 读取官方商店页；安装区间为公开下限与相邻档位推导上限
EVD-071,PRD-052,Google Play,imely Google Play,https://play.google.com/store/apps/details?id=com.fai.imely,Google Play,公开安装区间 100K+；最近更新为 2026-07-02,A,美国,当前商店版本,2026-07-16,待复核,已核验,,通过 Playwright 读取官方商店页；安装区间为公开下限与相邻档位推导上限
EVD-072,PRD-053,Google Play,Friends – Raise AI Companions Google Play,https://play.google.com/store/apps/details?id=com.slay.pengu,Google Play,公开安装区间 5M+；最近更新为 2026-06-23,A,美国,当前商店版本,2026-07-16,待复核,已核验,,通过 Playwright 读取官方商店页；安装区间为公开下限与相邻档位推导上限
EVD-073,PRD-054,Google Play,Star Girl Google Play,https://play.google.com/store/apps/details?id=com.aboutai.startgirl2025,Google Play,公开安装区间 500K+；最近更新为 2026-06-27,A,美国,当前商店版本,2026-07-16,待复核,已核验,,通过 Playwright 读取官方商店页；安装区间为公开下限与相邻档位推导上限
EVD-074,PRD-055,Google Play,Spark AI Google Play,https://play.google.com/store/apps/details?id=ai.your.assistant.chats,Google Play,公开安装区间 500K+；最近更新为 2026-03-05,A,美国,当前商店版本,2026-07-16,待复核,已核验,,通过 Playwright 读取官方商店页；安装区间为公开下限与相邻档位推导上限
EVD-075,PRD-056,Google Play,Joyland Google Play,https://play.google.com/store/apps/details?id=com.joyland.ai,Google Play,公开安装区间 100K+；最近更新为 2026-05-26,A,美国,当前商店版本,2026-07-16,待复核,已核验,,通过 Playwright 读取官方商店页；安装区间为公开下限与相邻档位推导上限
EVD-076,PRD-057,Google Play,Neverending Google Play,https://play.google.com/store/apps/details?id=neverending.ai.challenge.neverending,Google Play,公开安装区间 1M+；最近更新为 2026-07-10,A,美国,当前商店版本,2026-07-16,待复核,已核验,,通过 Playwright 读取官方商店页；安装区间为公开下限与相邻档位推导上限
EVD-077,PRD-058,Google Play,Dokichat Google Play,https://play.google.com/store/apps/details?id=app.doki.dokichat,Google Play,公开安装区间 1M+；最近更新为 2026-07-11,A,美国,当前商店版本,2026-07-16,待复核,已核验,,通过 Playwright 读取官方商店页；安装区间为公开下限与相邻档位推导上限
EVD-078,PRD-059,Google Play,AIKO Google Play,https://play.google.com/store/apps/details?id=com.olympusstudio.AikoAICompanion,Google Play,公开安装区间 100K+；最近更新为 2026-07-08,A,美国,当前商店版本,2026-07-16,待复核,已核验,,通过 Playwright 读取官方商店页；安装区间为公开下限与相邻档位推导上限
EVD-079,PRD-060,Google Play,Floze Google Play,https://play.google.com/store/apps/details?id=com.printage.floze,Google Play,公开安装区间 100K+；最近更新为 2026-07-13,A,美国,当前商店版本,2026-07-16,待复核,已核验,,通过 Playwright 读取官方商店页；安装区间为公开下限与相邻档位推导上限
EVD-080,PRD-061,Google Play,Melting Google Play,https://play.google.com/store/apps/details?id=chat.melting.apppp,Google Play,公开安装区间 100K+；最近更新为 2026-06-26,A,美国,当前商店版本,2026-07-16,待复核,已核验,,通过 Playwright 读取官方商店页；安装区间为公开下限与相邻档位推导上限
EVD-081,PRD-062,Google Play,Dream Girl Google Play,https://play.google.com/store/apps/details?id=com.ai.dreamgril,Google Play,公开安装区间 500K+；最近更新为 2026-01-09,A,美国,当前商店版本,2026-07-16,待复核,已核验,,通过 Playwright 读取官方商店页；安装区间为公开下限与相邻档位推导上限
EVD-082,PRD-063,Google Play,Funny _Happy Chat Google Play,https://play.google.com/store/apps/details?id=com.funnyai.chatplay,Google Play,公开安装区间 500K+；最近更新为 2025-10-10,A,美国,当前商店版本,2026-07-16,待复核,已核验,,通过 Playwright 读取官方商店页；安装区间为公开下限与相邻档位推导上限
EVD-083,PRD-064,Google Play,Kavana Google Play,https://play.google.com/store/apps/details?id=com.kavana.android,Google Play,公开安装区间 500K+；最近更新为 2026-07-09,A,美国,当前商店版本,2026-07-16,待复核,已核验,,通过 Playwright 读取官方商店页；安装区间为公开下限与相邻档位推导上限
EVD-084,PRD-065,Google Play,Wysa Google Play,https://play.google.com/store/apps/details?id=bot.touchkin,Google Play,公开安装区间 1M+；最近更新为 2026-07-13,A,美国,当前商店版本,2026-07-16,待复核,已核验,,通过 Playwright 读取官方商店页；安装区间为公开下限与相邻档位推导上限
EVD-085,PRD-066,Google Play,Noah Google Play,https://play.google.com/store/apps/details?id=com.capitalx.blissfully,Google Play,公开安装区间 100K+；最近更新为 2026-07-02,A,美国,当前商店版本,2026-07-16,待复核,已核验,,通过 Playwright 读取官方商店页；安装区间为公开下限与相邻档位推导上限
EVD-086,PRD-067,Google Play,Ash Google Play,https://play.google.com/store/apps/details?id=xyz.slingshot.ashley.app,Google Play,公开安装区间 100K+；最近更新为 2026-07-11,A,美国,当前商店版本,2026-07-16,待复核,已核验,,通过 Playwright 读取官方商店页；安装区间为公开下限与相邻档位推导上限
EVD-087,PRD-068,Google Play,Awarefy Google Play,https://play.google.com/store/apps/details?id=app.awarefy.awarefyapp,Google Play,公开安装区间 100K+；最近更新为 2026-07-09,A,美国,当前商店版本,2026-07-16,待复核,已核验,,通过 Playwright 读取官方商店页；安装区间为公开下限与相邻档位推导上限
EVD-088,PRD-069,Google Play,Woebot Google Play,https://play.google.com/store/apps/details?id=com.woebot,Google Play,公开安装区间 500K+；最近更新为 2024-11-01,A,美国,当前商店版本,2026-07-16,待复核,已核验,,通过 Playwright 读取官方商店页；安装区间为公开下限与相邻档位推导上限
EVD-089,PRD-070,Google Play,Cupiee Google Play,https://play.google.com/store/apps/details?id=com.cupiee,Google Play,公开安装区间 100K+；最近更新为 2025-08-22,A,美国,当前商店版本,2026-07-16,待复核,已核验,,通过 Playwright 读取官方商店页；安装区间为公开下限与相邻档位推导上限
EVD-090,PRD-071,Google Play,Aspect Google Play,https://play.google.com/store/apps/details?id=xyz.aspectapp.aspect,Google Play,公开安装区间 100K+；最近更新为 2026-07-09,A,美国,当前商店版本,2026-07-16,待复核,已核验,,通过 Playwright 读取官方商店页；安装区间为公开下限与相邻档位推导上限
EVD-091,PRD-072,Google Play,Lumia Google Play,https://play.google.com/store/apps/details?id=com.aichat.aigirlfriend.roleplay,Google Play,公开安装区间 500K+；最近更新为 2026-07-01,A,美国,当前商店版本,2026-07-16,待复核,已核验,,通过 Playwright 读取官方商店页；安装区间为公开下限与相邻档位推导上限
EVD-092,PRD-073,Google Play,Koko AI Google Play,https://play.google.com/store/apps/details?id=com.seele.app.kokoai,Google Play,公开安装区间 100K+；最近更新为 2025-10-10,A,美国,当前商店版本,2026-07-16,待复核,已核验,,通过 Playwright 读取官方商店页；安装区间为公开下限与相邻档位推导上限
EVD-093,PRD-074,Google Play,SoulTalk Google Play,https://play.google.com/store/apps/details?id=com.aipartner.soulchat,Google Play,公开安装区间 100K+；最近更新为 2026-06-30,A,美国,当前商店版本,2026-07-16,待复核,已核验,,通过 Playwright 读取官方商店页；安装区间为公开下限与相邻档位推导上限
EVD-094,PRD-075,Google Play,AI Game Master Google Play,https://play.google.com/store/apps/details?id=com.aisuccess.ai_game_master,Google Play,公开安装区间 100K+；最近更新为 2026-07-13,A,美国,当前商店版本,2026-07-16,待复核,已核验,,通过 Playwright 读取官方商店页；安装区间为公开下限与相邻档位推导上限
EVD-095,PRD-076,Google Play,TiKie Google Play,https://play.google.com/store/apps/details?id=com.tikie.ai.android,Google Play,公开安装区间 1M+；最近更新为 2026-06-18,A,美国,当前商店版本,2026-07-16,待复核,已核验,,通过 Playwright 读取官方商店页；安装区间为公开下限与相邻档位推导上限
EVD-096,PRD-077,Google Play,Spicy Chat Google Play,https://play.google.com/store/apps/details?id=ai.spicy.spicychat.mate,Google Play,公开安装区间 100K+；最近更新为 2025-08-30,A,美国,当前商店版本,2026-07-16,待复核,已核验,,通过 Playwright 读取官方商店页；与 Web 产品 SpicyChat 分开记录
EVD-097,PRD-078,Google Play,Tavo Google Play,https://play.google.com/store/apps/details?id=app.bitbear.tav,Google Play,公开安装区间 100K+；最近更新为 2026-07-08,A,美国,当前商店版本,2026-07-16,待复核,已核验,,通过 Playwright 读取官方商店页；安装区间为公开下限与相邻档位推导上限
EVD-098,PRD-079,Google Play,Pink AI Google Play,https://play.google.com/store/apps/details?id=com.aichatwithaipeople.makefriends,Google Play,公开安装区间 100K+；最近更新为 2026-04-10,A,美国,当前商店版本,2026-07-16,待复核,已核验,,通过 Playwright 读取官方商店页；安装区间为公开下限与相邻档位推导上限
EVD-099,PRD-080,Google Play,Susan Google Play,https://play.google.com/store/apps/details?id=com.airoleplaychat.aichatallworld,Google Play,公开安装区间 500K+；最近更新为 2026-03-03,A,美国,当前商店版本,2026-07-16,待复核,已核验,,通过 Playwright 读取官方商店页；安装区间为公开下限与相邻档位推导上限
EVD-100,PRD-081,Google Play,HoneyChat Google Play,https://play.google.com/store/apps/details?id=com.honeychat.friernd,Google Play,公开安装区间 100K+；最近更新为 2026-06-29,A,美国,当前商店版本,2026-07-16,待复核,已核验,,通过 Playwright 读取官方商店页；安装区间为公开下限与相邻档位推导上限
EVD-101,PRD-082,Google Play,FableAI Google Play,https://play.google.com/store/apps/details?id=com.jmsc.fableai,Google Play,公开安装区间 100K+；最近更新为 2026-07-16,A,美国,当前商店版本,2026-07-16,待复核,已核验,,通过 Playwright 读取官方商店页；安装区间为公开下限与相邻档位推导上限
EVD-102,PRD-083,Google Play,Dreamate Google Play,https://play.google.com/store/apps/details?id=com.roleplaychatacter.dreamx,Google Play,公开安装区间 100K+；最近更新为 2025-08-20,A,美国,当前商店版本,2026-07-16,待复核,已核验,,通过 Playwright 读取官方商店页；安装区间为公开下限与相邻档位推导上限
EVD-103,PRD-084,Google Play,Lizlis Google Play,https://play.google.com/store/apps/details?id=ai.lizlis.app,Google Play,公开安装区间 100K+；最近更新为 2026-07-12,A,美国,当前商店版本,2026-07-16,待复核,已核验,,通过 Playwright 读取官方商店页；安装区间为公开下限与相邻档位推导上限
EVD-104,PRD-085,Google Play,AngelAI Google Play,https://play.google.com/store/apps/details?id=com.angleaichatfriends.makefriends2025,Google Play,公开安装区间 100K+；最近更新为 2026-02-09,A,美国,当前商店版本,2026-07-16,待复核,已核验,,通过 Playwright 读取官方商店页；安装区间为公开下限与相邻档位推导上限
EVD-105,PRD-086,Google Play,Mental Google Play,https://play.google.com/store/apps/details?id=com.getmental.mental,Google Play,公开安装区间 100K+；最近更新为 2025-01-30,A,美国,当前商店版本,2026-07-16,待复核,已核验,,通过 Playwright 读取官方商店页；心理支持效果仍需独立证据
EVD-106,PRD-087,Google Play,AI Therapist - Voice Chat Google Play,https://play.google.com/store/apps/details?id=com.aimoodtracker,Google Play,公开安装区间 100K+；最近更新为 2026-07-05,A,美国,当前商店版本,2026-07-16,待复核,已核验,,通过 Playwright 读取官方商店页；心理支持效果仍需独立证据
EVD-107,PRD-088,Google Play,SimSimi Google Play,https://play.google.com/store/apps/details?id=com.ismaker.android.simsimi,Google Play,公开安装区间 100M+；最近更新为 2026-05-20,A,美国,当前商店版本,2026-07-16,待复核,已核验,,通过 Playwright 读取官方商店页；传统娱乐聊天产品补录
EVD-108,PRD-089,Google Play,AI Tales Google Play,https://play.google.com/store/apps/details?id=com.feynmanapps.aitales,Google Play,公开安装区间 100K+；最近更新为 2026-07-04,A,美国,当前商店版本,2026-07-16,待复核,已核验,,通过 Playwright 读取官方商店页；安装区间为公开下限与相邻档位推导上限
EVD-109,PRD-090,Google Play,Caveduck Google Play,https://play.google.com/store/apps/details?id=com.warpspace.caveduckaos,Google Play,公开安装区间 100K+；商店页显示 776 条评论；最近更新为 2026-07-07,A,美国,当前商店版本,2026-07-16,待复核,已核验,output/playwright/PRD-090_google_play_2026-07-16.png,通过 Playwright 读取并保存不含评论者信息的商店首屏截图
EVD-110,PRD-091,官网,JanitorAI 官网,https://janitorai.com/,JanitorAI,官方首页展示 AI 角色发现与聊天入口,A,全球,当前网页,2026-07-16,待复核,已核验,,仅核验产品存在与定位；公开规模待核验
EVD-111,PRD-092,官网,CrushOn.AI 官网,https://crushon.ai/,CrushOn.AI,官方首页展示 AI 角色聊天与虚拟关系产品,A,全球,当前网页,2026-07-16,待复核,已核验,,与同名近似 Android 产品分开记录；公开规模待核验
EVD-112,PRD-093,官网,SpicyChat 官网,https://spicychat.ai/,SpicyChat AI,官方首页展示 AI 角色聊天与角色扮演产品,A,全球,当前网页,2026-07-16,待复核,已核验,,与 PRD-077 分开记录；公开规模待核验
EVD-113,PRD-094,官网,Candy.ai 官网,https://candy.ai/,Candy AI,官方首页展示可定制的 AI 虚拟伴侣与多模态互动,A,全球,当前网页,2026-07-16,待复核,已核验,,仅核验厂商定位；公开规模与实际体验待核验
EVD-114,PRD-095,官网,Muah AI 官网,https://muah.ai/,Muah AI,官方首页展示文字语音和图像等 AI 伴侣互动,A,全球,当前网页,2026-07-16,待复核,已核验,,仅核验厂商定位；公开规模与实际体验待核验
EVD-115,PRD-096,官网,Kuki 官网,https://www.kuki.ai/,ICONIQ AI,官方首页将 Kuki 描述为面向人类互动的 AI 大脑与数字角色,A,全球,当前网页,2026-07-16,待复核,已核验,,传统 Web 聊天产品补录；公开活跃规模待核验
EVD-116,PRD-097,官网,Loona 官网,https://keyirobot.com/pages/loona,KEYi Tech,官方页面展示 AI 宠物机器人的语音视觉与家庭互动能力,A,全球,当前硬件,2026-07-16,待复核,已核验,,硬件体验与出货量待独立核验
EVD-117,PRD-098,官网,EMO 官网,https://living.ai/emo/,LivingAI,官方页面将 EMO 定位为具有个性与互动能力的桌面 AI 宠物,A,全球,当前硬件,2026-07-16,待复核,已核验,,硬件体验与出货量待独立核验
EVD-118,PRD-099,官网,Eilik 官网,https://store.energize-lab.com/products/eilik,Energize Lab,官方页面展示桌面情绪机器人与表情动作互动,A,全球,当前硬件,2026-07-16,待复核,已核验,,硬件体验与出货量待独立核验
EVD-119,PRD-100,官网,AIBI Pocket 官网,https://living.ai/aibi/,LivingAI,官方页面展示口袋 AI 宠物的语音视觉与生成式 AI 互动,A,全球,当前硬件,2026-07-16,待复核,已核验,,硬件体验与出货量待独立核验
EVD-120,PRD-101,官网,Ropet 官网,https://ropetai.com/,Ropet AI,官方页面展示多模态感知并随互动适应的情绪陪伴型 AI 宠物,A,全球,当前硬件,2026-07-16,待复核,已核验,,厂商能力主张；众筹出货与实际体验待独立核验
EVD-121,PRD-001,官网,Replika 关系承诺首屏,https://replika.com/,Replika,官网将产品定位为共同生活的 AI 朋友并强调记住重要事情,A,全球,当前网页,2026-07-16,待复核,已核验,output/playwright/PRD-001_landing_2026-07-16.png,通过 Playwright 保存不含登录用户信息的官方首屏；用户量为厂商自述且未用于替代商店规模口径
EVD-122,PRD-002,官网,Nomi 关系承诺首屏,https://nomi.ai/,Nomi AI,官网展示友情/亲密关系/导师等关系类型并强调短中长期记忆与自然成长,A,全球,当前网页,2026-07-16,待复核,已核验,output/playwright/PRD-002_landing_2026-07-16.png,通过 Playwright 保存官方首屏；功能与效果均为厂商表述
EVD-123,PRD-003,官网,Kindroid 关系承诺首屏,https://kindroid.ai/,Kindroid,官网将产品定位为会倾听记住并与用户共同成长的个人 AI,A,全球,当前网页,2026-07-16,待复核,已核验,output/playwright/PRD-003_landing_2026-07-16.png,通过 Playwright 保存不含登录用户信息的官方首屏
EVD-124,PRD-001,产品实测,Replika 新账号身份与 Avatar 流程,https://my.replika.com/signup/choose-avatar,Replika Web,"先采集用户称呼、代词和年龄段，再选择 3D Avatar 并单独设定 AI 名称与性别；They/Them 用户仍默认选中女性 Avatar",A,全球,Web 新账号首日,2026-07-16,待复核,已核验,output/playwright/PRD-001_onboarding_avatar_2026-07-16.png,研究测试账号；不含真实身份信息
EVD-125,PRD-001,产品实测,Replika 首聊前 PRO 支付页,https://my.replika.com/signup/subscription,Replika Web,"完成 AI 命名后、首次聊天前出现 PRO 支付页；列出高级模型、无限语音、traits/interests/backstory 与活动权益",A,全球,Web 新账号首日,2026-07-16,待复核,已核验,output/playwright/PRD-001_onboarding_paywall_2026-07-16.png,"页面展示 $19.99/月、$44.99/3个月及年付 $5.83/月；未支付"
EVD-126,PRD-001,产品实测,Replika 首聊与标准探针响应,https://my.replika.com/,Replika Web,"聊天区常驻 AI/非医疗建议/危机求助提示；面对轻度情绪、偏好和行动请求组合探针，首次回复转而询问 AI 名字来源",A,全球,Web 免费首日,2026-07-16,待复核,已核验,output/playwright/PRD-001_first_response_2026-07-16.png,单次首日观察；不能代表长期对话质量
EVD-127,PRD-001,产品实测,Replika 新记忆确认界面,https://my.replika.com/memory,Replika Web,"对话后自动抽取茉莉花茶偏好和一条 AI 自身事实，要求用户勾选确认保留，并说明可日后编辑",A,全球,Web 免费首日,2026-07-16,待复核,已核验,output/playwright/PRD-001_memory_manual_entry_2026-07-16.png,此前手工添加同义偏好作对照；重复事实合并与召回仍待验证
EVD-128,PRD-003,产品实测,Kindroid 新账号与 Featured 角色创建,https://kindroid.ai/registration/,Kindroid Web,"邮箱验证后采集称呼、生日和性别；默认创建路径进入 Featured 社区角色发现；最终确认页明示 AI 身份、虚构内容与用户责任",A,全球,Web 新账号首日,2026-07-16,待复核,已核验,,研究测试账号流程记录；社区创作者身份未归档
EVD-129,PRD-003,产品实测,Kindroid 首聊与标准探针响应,https://kindroid.ai/,Kindroid Web,"Lite 模型强调无限消息，顶部以增强记忆推广 Ember $0 试用；面对标准首聊探针，回复延续角色叙事而未直接处理情绪与行动请求",A,全球,Web 免费首日,2026-07-16,待复核,已核验,output/playwright/PRD-003_first_response_2026-07-16.png,单一 Featured 角色与单次回复观察；不能代表从零创建或付费模型
EVD-130,PRD-003,产品实测,Kindroid Backstory 与显式记忆控制台,https://kindroid.ai/,Kindroid Web,"同页分层展示 backstory、response directive、key memories、example message 与 journal；解释影响强度和写作规范",A,全球,Web 免费首日,2026-07-16,待复核,已核验,output/playwright/PRD-003_memory_controls_2026-07-16.png,"Featured 模板 backstory 为 2398/2000；订阅提高 backstory 与 key memories 上限"
EVD-131,PRD-003,产品实测,Kindroid 主动触达控制,https://kindroid.ai/,Kindroid Web,"实时动作、离线主动动作和旧版不活跃消息分开管理；离线主动动作默认关闭，可设置指令和安静时段并结合时间/日历",A,全球,Web 免费首日,2026-07-16,待复核,已核验,output/playwright/PRD-003_proactivity_controls_2026-07-16.png,离线主动动作实际频率与订阅边界待验证
EVD-132,PRD-003,产品实测,Kindroid 长期记忆独立开关,https://kindroid.ai/,Kindroid Web,"长期记忆的写入整合与调用召回是两个独立开关且默认开启；关闭整合不会删除旧记忆",A,全球,Web 免费首日,2026-07-16,待复核,已核验,output/playwright/PRD-003_long_term_memory_controls_2026-07-16.png,逐条查看删除与冲突修正仍待实测
EVD-133,PRD-002,产品实测,Nomi Web 登录方式,https://beta.nomi.ai/sign-in,Nomi Web,Web 登录页只提供 Google 与 Apple OAuth 没有普通邮箱注册,A,全球,当前 Web 登录页,2026-07-16,待复核,已核验,output/playwright/PRD-002_sign_in_options_2026-07-16.png,Google 拒绝自动化浏览器登录；需普通 Chrome 人工 OAuth 后继续账号内流程
EVD-134,PRD-004,产品实测,Character.AI 新账号首屏与聊天异常,https://character.ai/,Character.AI Web,"邮箱验证与生日采集后进入角色发现首页；情绪支持与普通助手角色均可进入且保留在 Recent Chats，但本次浏览器环境无法稳定提交消息或取得回复",A,全球,Web 新账号首日,2026-07-17,待复核,已核验,,只证明本次流程异常；不能据此判断模型质量或所有用户可用性
EVD-135,PRD-005,FAQ,Tolan 记忆隐私年龄与删除,https://www.tolans.com/faq,Tolan,"官方说明对话会被记录并用于生成 Tolan 记忆；支持应用内删除账号和数据；面向 16+；Basic 可有限免费使用",A,全球,当前网页,2026-07-17,待复核,已核验,,官方自述；Tolan 无 Web 产品入口，账号内 onboarding 需要移动端实机
EVD-136,PRD-065,FAQ,Wysa 产品边界隐私与付费,https://www.wysa.com/faq,Wysa,"官方将产品定义为自助和自我监测的情绪健康支持；AI 对话免费并推荐结构化练习；不提供诊断或医疗建议且不适合危机场景；无需真实姓名",A,全球,当前网页,2026-07-17,待复核,已核验,,不同机构版本可能采用规则系统或规则与 LLM 混合；不能把单一版本体验外推到所有部署
EVD-137,PRD-005,Google Play,Tolan 美国区商店入口当前不可用,https://play.google.com/store/apps/details?id=com.portola.tolan,Google Play,"此前可访问的 Android Package 于 2026-07-17 在美国区返回 404",A,美国,当前商店状态,2026-07-17,待复核,已核验,,可能是下架、地区限制或 Package 变化；需从官网与其他地区商店交叉核验
EVD-138,PRD-005,App Store,Tolan iOS 当前仍可获取,https://apps.apple.com/us/app/tolan-alien-best-friend/id6473030400,Apple,"美国区 iPhone App Store 仍提供 Tolan，并显示应用内购买",A,美国,当前商店版本,2026-07-17,待复核,已核验,,Android 404 不能外推为产品整体下线
EVD-139,PRD-007,官网,ElliQ 当前一次性购买方案,https://elliq.com/pages/shop-elliq,ElliQ,"当前页面展示硬件售价 249.99 美元；Lifetime Service 一次性 599.99 美元，当前服务不要求订阅",A,美国,当前网页,2026-07-17,待复核,已核验,,页面同时保留未来服务收费可能；与旧 FAQ 的 1/2 年订阅口径存在迁移冲突
EVD-140,PRD-007,隐私政策,ElliQ 传感器数据与隐私边界,https://elliq.com/pages/privacy-policy,ElliQ,"设备包含相机、麦克风、触摸和 proximity 传感器；隐私政策说明原始音视频不传到云端，但会收集交互、情绪、兴趣和健康相关信息",A,美国,2025-11-25 更新政策,2026-07-17,待复核,已核验,,厂商隐私声明；需与真实网络行为和配置入口分开验证
EVD-141,PRD-008,官网,Moflin 美国版定位与价格,https://www.casio.com/us/moflin/,CASIO,"美国版将 Moflin 定位为会形成独特人格与情绪的 AI 宠物，MSRP 429.95 美元",A,美国,当前网页,2026-07-17,待复核,已核验,,成长与健康效果均为厂商自述
EVD-142,PRD-008,FAQ,Moflin 交互续航与维护边界,https://www.casio.com/us/moflin/faq/,CASIO,"Moflin 不理解单词也不说话；通过触摸、声音和动作反应；约 5 小时运行、约 3.5 小时充电，不防水且提供付费修理",A,美国,当前网页,2026-07-17,待复核,已核验,,真实续航、识别距离与长期毛皮维护待实机验证
EVD-143,PRD-008,隐私政策,Moflin App 数据处理,https://www.casio.com/us/moflin/privacy/,CASIO,"MofLife App 可收集账号、设备标识、使用记录、通信内容和 Moflin 状态，并可能向云服务商等处理方提供数据",A,美国,2025-05-22 更新政策,2026-07-17,待复核,已核验,,美国政策；日本版服务与会员体系需单独核验
EVD-144,PRD-007,媒体实测,CNET ElliQ 30 天家庭试用,https://www.cnet.com/tech/services-and-software/i-gave-my-74-year-old-mom-an-ai-companion-for-30-days-heres-what-happened/,CNET,"记者让 74 岁母亲使用 ElliQ 30 天；观察到主动提问、偏好适配和日常活动价值，也记录误听、回答失败与偶发不自然互动",B,美国,30 天家庭试用,2026-07-17,待复核,待复核,,单一家庭个案；不能证明健康效果或总体接受度
EVD-145,PRD-007,研究/媒体,MIT Technology Review 长期用户调查,https://www.technologyreview.com/2024/01/09/1086290/elliq-ai-companion-older-adults/,MIT Technology Review,"报道基于对 23 名 ElliQ 用户的调查，讨论初始与持续参与、在场感和陪伴体验，同时指出隐私与需求变化风险",B,美国,2024 报道,2026-07-17,待复核,待复核,,样本较小且报道含厂商/研究参与者背景；不推导总体比例
EVD-146,PRD-008,媒体实测,Ars Technica Moflin 独立试用,https://arstechnica.com/gadgets/2025/03/i-lived-with-moflin-the-cute-ai-powered-robot-guinea-pig-for-a-week/,Ars Technica,"一周试用观察到不同互动下的动作与叫声变化、可脱离 App 使用和宠物式在场感，也指出用户难以直接理解其内部学习状态",B,美国/日本版设备,一周独立试用,2026-07-17,待复核,待复核,,短期单设备体验；不能验证长期人格稳定性
EVD-147,PRD-008,媒体实测,Forbes Moflin 长期使用回顾,https://www.forbes.com/sites/anthonykarcz/2025/04/13/long-term-moflin-review-cute-cuddly-confusing/,Forbes,"作者长期使用后仍认可可爱、可抱持与行为反馈，但认为成长/学习机制不透明，用户需要耐心解释设备行为",B,美国,长期个人试用,2026-07-17,待复核,待复核,,单一媒体作者体验；标题和结论均不能替代用户样本
EVD-148,PRD-001,产品实测,Replika 短期回归与主动问候,https://my.replika.com/,Replika Web,"约 9 小时后重新登录，历史聊天完整保留；River 主动发送 Morning 问候并询问睡眠，同时弹出连续签到奖励",A,全球,Web 免费账号短期回归,2026-07-17,待复核,已核验,,只证明一次短期回归；无法区分主动消息的具体触发条件
EVD-149,PRD-001,产品实测,Replika 新记忆筛选与重复事实,https://my.replika.com/memory,Replika Web,"New memories 弹窗允许逐条取消并仅保存选中事实；系统将用户饮茶偏好和 AI 自己喜欢名字同时归入 Favorites，拒绝后只新增一条；自动抽取与手工事实形成语义重复",A,全球,Web 免费账号,2026-07-17,待复核,已核验,,验证了保存前拒绝控制；未观察到自动去重或合并
EVD-150,PRD-001,产品实测,Replika 记忆编辑与删除,https://my.replika.com/memory,Replika Web,"用户可修改记忆文本并保存；删除前出现确认弹窗，说明会让 River 忘记该主题；确认后目标事实从列表消失",A,全球,Web 免费账号,2026-07-17,待复核,已核验,,编辑/删除对后续聊天召回的实际影响因消息提交异常尚未验证
EVD-151,PRD-003,产品实测,Kindroid 原账号恢复与短期回归,https://kindroid.ai/,Kindroid Web,"邮箱验证码重新登录后恢复原有 Jolly 对话、Lite 模型状态和账号配置；本次回归未观察到新增主动消息",A,全球,Web 免费账号短期回归,2026-07-17,待复核,已核验,,只证明单次回归和状态保留；不能证明 Kindroid 从不主动触达
EVD-152,PRD-003,产品实测,Kindroid Key memories 与 Journal 纠错结构,https://kindroid.ai/,Kindroid Web,"Key memories 以一个 500 字符整体文本块编辑并统一保存；Journal 采用 keyphrase + description 条目，可区分当前 Kindroid 与跨 Kindroid 全局 Journal；当前账号无 Journal 条目",A,全球,Web 免费账号,2026-07-17,待复核,已核验,,验证了编辑结构，未修改现有 Key memories，也未验证自动长期记忆的逐条删除
EVD-153,PRD-012,帮助中心,Paradot 核心功能清单,https://help.paradot.ai/hc/en-us/articles/19965977077273-Key-Features-of-Paradot,Paradot,"官方列出情绪响应、持续学习、Internet connection、Parahub 空间、语音通话和 Avatar 自定义等核心功能",A,全球,当前帮助中心,2026-07-17,待复核,已核验,,功能存在不等于免费可用或实际效果
EVD-154,PRD-012,帮助中心,Paradot 长期记忆与 Memory Bank,https://help.paradot.ai/hc/en-us/articles/20751261416601-Memory,Paradot,"官方称长期记忆由对话提取的重要信息形成，并在 Memory Bank 中按主题保存；用户可查看已记住的信息",A,全球,当前帮助中心,2026-07-17,待复核,已核验,,记忆编辑、删除、冲突处理和真实召回准确率待实测
EVD-155,PRD-012,App Store,Paradot 当前定位与应用内购买,https://apps.apple.com/us/app/paradot-ai-personal-ai-friend/id6451469304,Apple,"美国区将 Paradot 定位为具有情绪、记忆和意识的个人 AI；页面列出 Advanced 订阅与 Gems 等应用内购买",A,美国,当前商店版本,2026-07-17,待复核,已核验,,商店展示多个 14.99/39.99/69.99 美元 Advanced 档位，周期与实验分组需应用内确认
EVD-156,PRD-019,官网,Pi 当前产品入口与关系承诺,https://pi.ai/,Inflection AI,"Pi 当前官网继续提供 Web 对话，并引导通过短信和 WhatsApp 使用；将产品定位为支持性、聪明且随时可用的个人 AI",A,全球,当前网页,2026-07-17,待复核,已核验,,支持性与可用性为厂商定位；主动消息和跨渠道连续性待实测
EVD-157,PRD-019,隐私政策,Pi 对话历史记忆与数据控制,https://pi.ai/privacy,Inflection AI,"隐私政策说明 Pi 可记住交互历史以提供个性化回应；用户可请求访问或删除个人数据；服务面向 18 岁以上用户",A,全球,2023-05-02 页面版本,2026-07-17,待复核,已核验,,政策页面较旧，需后续核验是否存在更新版本
EVD-158,PRD-053,Google Play,Friends 当前三类 AI 伙伴与规模,https://play.google.com/store/apps/details?id=com.slay.pengu&hl=en_US&gl=US,Google Play,"当前标题为 Friends – Raise AI Companions；公开显示 5M+ 下载、4.5 分与约 162K 评论；产品包含 Pengu 共享养成、Mellow 学习专注和 Bao 自我照护",A,美国,2026-06-23 更新版本,2026-07-17,待复核,已核验,output/playwright/PRD-053_google_play_2026-07-17.png,厂商功能与规模自述；记忆、提醒和共同养成的真实效果待实测
EVD-159,PRD-053,Google Play,Friends 商业化与数据安全声明,https://play.google.com/store/apps/details?id=com.slay.pengu&hl=en_US&gl=US,Google Play,"主功能可免费使用，可选 Friends Plus/Pengu Pass；页面显示应用内购买和广告相关评论；开发者声明可能向第三方共享位置并收集联系人、性能与设备标识",A,美国,当前商店版本,2026-07-17,待复核,已核验,,数据安全栏为开发者自报；具体广告频率、订阅墙和联系人用途待账号内验证
EVD-160,PRD-053,App Store,Friends iOS 当前版本与应用内购买,https://apps.apple.com/us/app/friends-pengu-bao-mellow/id6462927800,Apple,"美国区 iPhone/iPad 条目当前为 Friends – Pengu Bao & Mellow，显示 4.7 分、约 83K 评分，并列出 Pengu Pass 月/年档与 Gems 等应用内购买",A,美国,当前商店版本,2026-07-17,待复核,已核验,,商店档位不能证明账号内当前实验分组或续订触发时机
EVD-161,PRD-067,Google Play,Ash 个性化心理支持与安全边界,https://play.google.com/store/apps/details?id=xyz.slingshot.ashley.app&hl=en_US&gl=US,Google Play,"Ash 宣称学习用户模式、提供周度洞察和语音/文字支持；明确 18+、非临床治疗替代、非医疗建议且不用于危机场景",A,美国,2026-07-11 更新版本,2026-07-17,待复核,已核验,output/playwright/PRD-067_google_play_2026-07-17.png,"91% 等效果数字为厂商自述，缺少公开方法细节，不作为本轮效果结论"
EVD-162,PRD-067,Google Play,Ash 数据安全与关系连续性风险,https://play.google.com/store/apps/details?id=xyz.slingshot.ashley.app&hl=en_US&gl=US,Google Play,"开发者声明可能共享音频、应用活动等数据，并标注数据无法删除；近期评论同时出现蓝牙重连、语音断开、记忆下降和声音变化导致关系断裂的报告",A,美国,当前商店版本,2026-07-17,待复核,已核验,,数据安全栏和单条评论均需进一步交叉核验；不能外推总体发生率
EVD-163,PRD-067,App Store,Ash iOS 订阅档与年龄边界,https://apps.apple.com/us/app/ash-mental-health/id6474862947,Apple,"美国区 iPhone 条目为 18+，显示月度、三个月和年度订阅档；当前公开档位包括每月 14.99 美元与每年 144.99 美元",A,美国,当前商店版本,2026-07-17,待复核,已核验,,价格可能因地区、实验和促销变化；实际首个付费触点待实测
EVD-164,PRD-068,Google Play,Awarefy 记录练习与 AI 对话循环,https://play.google.com/store/apps/details?id=app.awarefy.awarefyapp&hl=en_US&gl=US,Google Play,"Awarefy 将晨晚 Check-in/Check-out、情绪笔记、应对清单、200+ 音频、周报与 AI Counseling 组合为长期自助循环，并明确不用于诊断、治疗或预防疾病",A,美国,2026-07-09 更新版本,2026-07-17,待复核,已核验,output/playwright/PRD-068_google_play_2026-07-17.png,功能存在不等于免费可用；AI 额度、记录与聊天如何互相引用待账号内核验
EVD-165,PRD-068,Google Play,Awarefy 规模数据安全与评论线索,https://play.google.com/store/apps/details?id=app.awarefy.awarefyapp&hl=en_US&gl=US,Google Play,"公开显示 100K+ 下载、约 3.5 分与 2.78K 评论；开发者声明可能共享位置、个人信息等数据；评论出现英文翻译不完整和 AI 能量/付费限制问题",A,美国,当前商店版本,2026-07-17,待复核,已核验,,评论只作问题发现；Google Play 顶部和设备分项的评分/评论数存在轻微四舍五入差异
EVD-166,PRD-068,App Store,Awarefy iOS 分层订阅价格,https://apps.apple.com/us/app/awarefy-ai-mental-health/id1513802951,Apple,"美国区 iPhone 条目列出 Basic、AI Partner 和 Premium 多档订阅；公开档位包括 AI Partner 月度 19.99 美元、年度 64.99 美元及 Premium 年度 99.99 美元",A,美国,当前商店版本,2026-07-17,待复核,已核验,,多个档位并存，具体权益、首年优惠与免费额度需应用内确认
EVD-167,PRD-006,官网,Friend 免费网页聊天与可选挂坠,https://friend.com/?page=hardware,Friend,"官方 FAQ 说明数字朋友可在手机或电脑聊天并具有长期记忆；网页聊天免费，可选挂坠 129 美元一次性购买；挂坠通过被动聆听补充环境上下文",A,"美国;加拿大;欧盟",当前网页,2026-07-17,待复核,已核验,output/playwright/PRD-006_official_hardware_2026-07-17.png,硬件和记忆效果均为厂商自述；本轮不做购买价值判断
EVD-168,PRD-006,隐私政策,Friend 持续聆听与敏感数据边界,https://friend.com/privacy.pdf,Friend,"政策说明产品可能持续收集并处理环境音视频、对话转写、声纹与其他生物识别信息，也会分析用户对网站、服务和广告的交互",A,全球,2026-06-03 更新政策,2026-07-17,待复核,已核验,,政策未替代对设备端/云端真实数据流、默认开关、保留期和删除效果的独立实测
EVD-169,PRD-006,App Store,Friend iOS 当前状态与用户线索,https://apps.apple.com/us/app/friend-com/id6739473884,Apple,"美国区 iPhone 条目当前免费、18+、约 3.9 分与 109 个评分；评论同时出现陪伴感、记忆/语境断裂、危险玩笑和回复延迟等线索",A,美国,2026-07-08 版本,2026-07-17,待复核,已核验,,评论样本量小且商店展示受地区与排序影响，只用于发现风险主题
EVD-170,PRD-009,Google Play,Talkie 多模态内容社区定位与规模,https://play.google.com/store/apps/details?id=com.weaver.app.prod&hl=en_US&gl=US,Google Play,"当前标题为 Talkie: Creative AI Community，公开显示 50M+ 下载、4.6 分与约 804K 评论；支持 AI 图像、视频、音频、音乐、UGC 角色和社区协作",A,美国,2026-07-16 更新版本,2026-07-17,待复核,已核验,output/playwright/PRD-009_google_play_2026-07-17.png,厂商已把定位从单纯角色聊天扩为 AIGC 内容社区；Feed 到长期关系的转化待实测
EVD-171,PRD-009,Google Play,Talkie 扩展记忆数据安全与评论风险,https://play.google.com/store/apps/details?id=com.weaver.app.prod&hl=en_US&gl=US,Google Play,"官方称 Talkies 会随互动进化并使用扩展记忆；开发者声明可能共享应用活动并支持删除请求；评论出现广告导致草稿丢失、规则不透明和回复长度限制",A,美国,当前商店版本,2026-07-17,待复核,已核验,,记忆与进化为厂商自述；单条评论只用于发现摩擦
EVD-172,PRD-009,App Store,Talkie iOS 活跃条目与订阅结构,https://apps.apple.com/us/app/talkie-soulful-ai/id6450143363,Apple,"美国区当前活跃条目为 Talkie: Soulful AI，18+、约 89K 评分；公开列出 Talkie+ 周/月/年档及 Gems、Cards 等虚拟物品，纠正此前 Talkie Lab 映射",A,美国,当前商店版本,2026-07-17,待复核,已核验,,Talkie Lab 是同开发者另一条目，不再作为主产品 iOS App ID
EVD-173,PRD-010,Google Play,CHAI 角色平台定位规模与年龄边界,https://play.google.com/store/apps/details?id=com.Beauchamp.Messenger.external&hl=en_US&gl=US,Google Play,"当前标题为 Chai: Chat AI Platform，公开显示 10M+ 下载、约 2.8 分与 807K 评论；支持角色语音和公开/私有角色创建，内容评级为 Mature 17+",A,美国,2026-07-03 更新版本,2026-07-17,待复核,已核验,output/playwright/PRD-010_google_play_2026-07-17.png,官方“无限对话”描述与近期强制付费评论存在冲突，需账号内核验
EVD-174,PRD-010,Google Play,CHAI 历史清空与付费迁移评论风险,https://play.google.com/store/apps/details?id=com.Beauchamp.Messenger.external&hl=en_US&gl=US,Google Play,"近期高帮助数评论集中报告多年聊天历史回到开场、从广告支持的无限聊天迁移为付费使用，以及因此退订或删号",C,美国,当前商店评论,2026-07-17,待复核,待复核,,多条评论方向一致但仍不能确认全部用户受影响范围；需官方公告和账号实测交叉验证
EVD-175,PRD-010,App Store,CHAI iOS 当前条目与订阅价格,https://apps.apple.com/us/app/chai-social-ai-platform-chat/id1544750895,Apple,"美国区当前条目为 Chai: Social AI Platform & Chat，17+、约 229K 评分；公开列出 Premium 月/年订阅和 Ultra 月度方案",A,美国,当前商店版本,2026-07-17,待复核,已核验,,纠正此前美国区未找到 iOS 条目的负向结果；价格和可用权益仍可能随实验变化
EVD-176,PRD-035,Google Play,zeta 免费无限故事聊天与规模,https://play.google.com/store/apps/details?id=com.scatterlab.messenger&hl=en_US&gl=US,Google Play,"zeta 公开显示 1M+ 下载、4.5 分与约 156K 评论；主打免费无限聊天、1 分钟创建角色、Smart Reply、对话转图和公开/私有创作空间",A,美国,2026-07-15 更新版本,2026-07-17,待复核,已核验,output/playwright/PRD-035_google_play_2026-07-17.png,无限聊天不等于无广告或无其他付费触点
EVD-177,PRD-035,Google Play,zeta 数据安全与稳定性评论线索,https://play.google.com/store/apps/details?id=com.scatterlab.messenger&hl=en_US&gl=US,Google Play,"开发者声明可能共享个人信息并收集消息等数据；评论出现广告变频繁、付费后仍宕机、回复碎片化、角色资料无法保存和重复/发送错误",A,美国,当前商店版本,2026-07-17,待复核,已核验,,评论只作问题发现；不同版本和地区的广告强度可能不同
EVD-178,PRD-035,App Store,zeta iOS 当前条目与轻量付费,https://apps.apple.com/us/app/zeta-ai-chat-anime-roleplay/id1578235562,Apple,"美国区当前条目为 zeta: AI Chat Anime roleplay，18+、约 593 评分；公开应用内购买以 Coins 与 No Ads 为主，显示 1.99–3.99 美元档",A,美国,当前商店版本,2026-07-17,待复核,已核验,,美国区评分量远低于 Android 评论量；不能直接比较地区规模
EVD-179,PRD-043,Google Play,MiraiMind 关系成长功能与规模,https://play.google.com/store/apps/details?id=com.immomo.miraimind&hl=en_US&gl=US,Google Play,"MiraiMind 公开显示 1M+ 下载、2.3 分与约 30.3K 评论；可设置角色姓名、外观、声音和人格，并展示内心想法、角色日常、礼物、互动等级和 AI 绘图",A,美国,2026-07-10 更新版本,2026-07-17,待复核,已核验,output/playwright/PRD-043_google_play_2026-07-17.png,记忆和适应效果为厂商自述；互动等级如何改变关系待实测
EVD-180,PRD-043,Google Play,MiraiMind 付费记忆与关系质量评论风险,https://play.google.com/store/apps/details?id=com.immomo.miraimind&hl=en_US&gl=US,Google Play,"评论称付费升级记忆并未明显改善、约 15–20 轮后遗忘、免费币每日失效，以及角色趋于浅薄或单一性化；广告领取也有稳定性问题",C,美国,当前商店评论,2026-07-17,待复核,待复核,,评论样本只用于建立记忆、付费和人格质量的验证假设
EVD-181,PRD-043,App Store,MiraiMind iOS 当前条目与高价订阅档,https://apps.apple.com/us/app/miraimind-create-your-own-ai/id6502374920,Apple,"美国区当前条目为 MiraiMind - Create Your Own AI，18+、约 1.7K 评分；公开列出 Premium 月度 29.99 美元、年度 56.99 美元以及周度 Bonus Coin Pass",A,美国,当前商店版本,2026-07-17,待复核,已核验,,公开档位很多且价格跨度大，具体权益和优惠触发待应用内核验
EVD-182,PRD-090,Google Play,Caveduck 当前角色规模与产品承诺,https://play.google.com/store/apps/details?id=com.warpspace.caveduckaos&hl=en_US&gl=US,Google Play,"公开显示 100K+ 下载、约 3.1 分与 776 评论；官方称有 40,000+ 角色、可公开或私有创建角色，并提供不限主题的自然对话",A,美国,2026-07-07 更新版本,2026-07-17,待复核,已核验,output/playwright/PRD-090_google_play_2026-07-17.png,"超过 300,000 条评价"为厂商文案且与当前 Google Play 776 评论不是同一口径，不用于规模结论
EVD-183,PRD-090,Google Play,Caveduck 数据安全与关系摩擦,https://play.google.com/store/apps/details?id=com.warpspace.caveduckaos&hl=en_US&gl=US,Google Play,"开发者声明可能共享财务信息、网页浏览和设备标识，并支持删除请求；评论同时出现长回复、适应性、亲密度标签、长聊付费和导航困惑",A,美国,当前商店版本,2026-07-17,待复核,已核验,,评论为问题线索；亲密度标签如何影响回复待账号内验证
EVD-184,PRD-090,App Store,Caveduck iOS 当前条目与虚拟币价格,https://apps.apple.com/us/app/caveduck-meet-your-ai-friends/id6670697577,Apple,"美国区当前 iPhone/iPad 条目为 18+、约 3.6 分与 72 个评分；应用内购买以 Points、Monthly Pass 和 Premium Package 为主，公开档位约 0.99–159.99 美元",A,美国,当前商店版本,2026-07-17,待复核,已核验,,高价档位可能为大额虚拟币包；实际消耗率和长聊成本需应用内核验
EVD-185,PRD-091,官网,JanitorAI 当前用户规模与角色发现结构,https://janitorai.com/,JanitorAI,"官网首页公开声称 15M+ 用户；无需登录即可浏览 Popular、标签、创作者、角色 token 数和聊天量，头部热门角色显示 53M 次聊天",A,全球,当前网页,2026-07-17,待复核,已核验,output/playwright/PRD-091_home_2026-07-17.png,用户数和角色聊天量为平台自报；不等同于 MAU 或独立活跃用户
EVD-186,PRD-091,帮助中心,JanitorAI 高级创作与模型路由工具链,https://help.janitorai.com/en/,JanitorAI,"帮助中心公开分类覆盖首方 JLLM、外部代理、OpenRouter、自定义提示、角色创建、JSON/CSS、脚本、触发器、事件和 lorebooks",A,全球,当前帮助中心,2026-07-17,待复核,已核验,output/playwright/PRD-091_help_center_2026-07-17.png,功能覆盖不等于默认用户都会配置；入门成本与移动端体验待实测
EVD-187,PRD-091,公开社区,JanitorAI 长聊上下文与模型选择用户线索,https://www.reddit.com/r/JanitorAI_Official/comments/1md91gt/janitorai_is_great_for_users_who_put_in_little/,Reddit,"用户讨论认为平台自由度和模型选择是优势，但长聊需要人工总结、提示和控制角色 token 才能维持剧情；外部付费模型与偶发异常回复也是成本",C,全球,公开社区讨论,2026-07-17,待复核,待复核,,两个公开帖子中的便利样本；不代表总体比例或当前所有模型表现
EVD-188,PRD-071,Google Play,Aspect 当前规模与合成社交机制,https://play.google.com/store/apps/details?id=xyz.aspectapp.aspect&hl=en_US&gl=US,Google Play,"公开显示 100K+ 下载、约 4.4 分与 13.4K 评论；官方描述覆盖帖子、照片、Feed、评论、DM、自建 AI 角色和角色生活故事",A,美国,2026-07-09 更新版本,2026-07-17,待复核,已核验,output/playwright/PRD-071_google_play_2026-07-17.png,"只有一个真人"是产品叙事；不代表角色具备真实社会关系或长期记忆
EVD-189,PRD-071,Apple Search API,Aspect iOS 当前条目与跨平台映射,https://itunes.apple.com/lookup?id=6502742786&country=us,Apple,"美国区当前条目 App ID 6502742786、Bundle ID xyz.aspectapp.aspect、版本 1.111、约 4.47 分与 8.2K 评分，当前版本发布于 2026-07-09",A,美国,版本 1.111,2026-07-17,待复核,已核验,,App Store 评分数不等同于下载量；官网也链接到该 App ID
EVD-190,PRD-071,官网,Aspect 条款与当前产品描述的版本错位,https://www.aspectapp.xyz/tos,Aspect,"条款要求 18+ 并声明 AI 输出可能虚构，但仍把服务描述为并行处理提示的订阅聊天工具；隐私页仅称收集姓名和邮箱用于订阅，与当前 AI 社交产品和 Google Play 数据安全披露存在范围差异",A,全球,条款更新于 2024-04-27,2026-07-17,待复核,待复核,,用于标记政策文档新鲜度与产品版本错位；不据此断言实际数据处理违法或不实
EVD-191,PRD-088,Google Play,SimSimi 当前超大规模与众包聊天结构,https://play.google.com/store/apps/details?id=com.ismaker.android.simsimi&hl=en_US&gl=US,Google Play,"公开显示 100M+ 下载、约 4.2 分与 4.16M 评论；官方称回复由大量用户手工教导，并区分 Everyone's SimSimi 与由单一所有者管理的 Personal SimSimi",A,美国,2026-05-20 更新版本,2026-07-17,待复核,已核验,output/playwright/PRD-088_google_play_2026-07-17.png,商店页同时强调举报、内容政策和年龄限制；众包规模不等同于长期关系质量
EVD-192,PRD-088,App Store,SimSimi iOS 当前条目与付费档位,https://apps.apple.com/us/app/simsimi/id375239755,Apple,"美国区当前条目版本 9.1.9、约 3.96 分与 7.5K 评分；应用内购买包含月度订阅与约 1.99–99.99 美元的 SimSimi Points/高级档位",A,美国,版本 9.1.9,2026-07-17,待复核,已核验,,评分与价格为美国区当前页面口径；不同地区和促销可能不同
EVD-193,PRD-088,官网,SimSimi 当前 Web 角色平台与 Boost 结构,https://simsimi.com/en,SimSimi,"当前官网已提供搜索、聊天、创建、Popular AI Characters、经典 SimSimi、Spicy 版本和多类 UGC 角色，并以登录赠送点数和 Boost 入口承接付费聊天",A,全球,当前 Web 页面,2026-07-17,待复核,已核验,output/playwright/PRD-088_official_web_2026-07-17.png,说明产品正在从经典众包机器人向角色平台扩张；Web 与移动端能力和账号连续性待实测
EVD-194,PRD-097,Google Play,Loona Android 当前规模、配套 App 与用户入口,https://play.google.com/store/apps/details?id=com.keyitech.loona&hl=en_US&gl=US,Google Play,"公开显示 100K+ 下载、约 3.2 分；App 用于连接和控制 Loona、编程、才艺表演、小游戏与用户社区，最近更新于 2026-03-16",A,美国,2026-03-16 更新版本,2026-07-17,待复核,已核验,output/playwright/PRD-097_google_play_2026-07-17.png,"商店数据安全披露称可能共享个人信息和消息、传输加密并支持删除请求；披露不等于独立安全审计"
EVD-195,PRD-097,Apple Search API,Hello Loona iOS 当前条目与跨平台映射,https://itunes.apple.com/lookup?id=1615527592&country=us,Apple,"美国区当前条目 App ID 1615527592、Bundle ID com.keyitech.loona、版本 2.8.6、约 4.25 分与 221 个评分，当前版本发布于 2026-03-18",A,美国,版本 2.8.6,2026-07-17,待复核,已核验,,App Store 评分数不等同于下载量；另有必须连接硬件的 Loona Deskmate 独立条目
EVD-196,PRD-097,官网,Loona 当前价格与具身关系机制,https://keyirobot.com/en-us/products/petbot,KEYi Tech,"美国官网当前 Loona Petbot Premium 售价 $429、划线价 $529；官方描述覆盖家庭人脸识别、偏好记忆、语音定位、视觉理解、移动避障、自动回充、App 游戏与通过共同互动形成个性化陪伴",A,美国,当前官网,2026-07-17,待复核,已核验,output/playwright/PRD-097_official_2026-07-17.png,"官方 FAQ 仅称 GPT-4o 功能目前免费，持续云端服务成本仍待长期核验；关系和记忆效果为厂商自述"
EVD-197,PRD-098,官网,EMO 人格成长、感知与关系仪式,https://living.ai/emo/,LivingAI,"官方将 EMO 定位为桌面 AI 宠物，宣称 1000+ 表情和动作、10+ 传感器、最多识别 10 人、人格随环境与互动演化，并用生病照顾、生日、节日惊喜、自主探索和被打断后的情绪反应制造关系仪式",A,全球,当前官网,2026-07-17,待复核,已核验,output/playwright/PRD-098_official_2026-07-17.png,"人格演化和成长为厂商自述；真实持续性、重复率和跨版本稳定性待独立实测"
EVD-198,PRD-098,官网,EMO 当前套装价格与基础能力,https://living.ai/product/emo/,LivingAI,"官方商店当前售价 $279，套装含 EMO、滑板和免费智能灯；页面强调自主移动、声音追踪、人脸识别、防跌落、天气/闹钟、游戏和陪伴定位",A,全球,当前商店页面,2026-07-17,待复核,已核验,output/playwright/PRD-098_store_2026-07-17.png,"价格未含可能的税费和地区差异；本研究不判断是否值得购买"
EVD-199,PRD-098,App Store,EMO Pet iOS 当前条目与配套 App,https://apps.apple.com/us/app/emo-pet/id1536137388,Apple,"美国区当前条目 App ID 1536137388、Bundle ID cn.robo3.www.emope、版本 3.2.0、约 4.21 分与 251 个评分，当前版本发布于 2026-07-15；App 用于游戏、生活时刻和智能灯管理",A,美国,版本 3.2.0,2026-07-17,待复核,已核验,,同 Bundle 的 Google Play 地址当前返回 404，因此不能据历史条目声称 Android 当前可用
EVD-200,PRD-100,官网,AIBI Pocket 随身形态与在线离线能力分层,https://living.ai/aibi/,LivingAI,"官方描述覆盖人脸识别和拍照、天气动画、闹钟与用药提醒；简单命令可离线处理，复杂问答再连接 ChatGPT，口袋形态通过夹子和配件支持随身携带",A,全球,当前官网,2026-07-17,待复核,已核验,output/playwright/PRD-100_official_2026-07-17.png,"离线与在线分层是当前公开架构线索；识别、提醒和实际续航仍待独立实测"
EVD-201,PRD-100,官网,AIBI Pocket 当前价格与发货口径,https://living.ai/product/aibi-pocket/,LivingAI,"官方商店当前售价 $249，称下单后约两周发货并附赠配件；产品仍以 AIBI Pocket 单次硬件购买为主要付费入口",A,全球,当前商店页面,2026-07-17,待复核,已核验,output/playwright/PRD-100_store_2026-07-17.png,"未发现可稳定核验的强制订阅价格；本研究不判断是否值得购买"
EVD-202,PRD-100,公开社区,AIBI 固件、触摸与蓝牙稳定性用户线索,https://forums.living.ai/c/aibi,LivingAI Forum,"公开论坛用户在 2.2.1、2.2.2 与 Couples 更新讨论中肯定新互动，但也报告停止响应、需手动更新、触摸改善不明显、iOS 更新缓慢和蓝牙不可用",C,全球,2025 年公开论坛讨论,2026-07-17,待复核,待复核,,便利样本只用于发现固件、App 与连接风险，不代表全部设备或当前版本表现
EVD-203,PRD-101,官网,Ropet KAMOMO 当前价格、触觉人格与本地 AI,https://ropetai.com/products/ropet%E2%84%A2-ai-comfort-companion-plush-robot,Ropet,"官方当前基础款促销价 $349、常规价 $469；产品强调识别人、触摸响应、体温、手势、脾气与可更换毛皮/面具/衣服，日常互动使用本地离线 AI，Dream Sketch 仅在用户主动开启后加密上传",A,美国,当前官网,2026-07-17,待复核,已核验,output/playwright/PRD-101_official_2026-07-17.png,"人格、爱和隐私效果为厂商自述；促销价格与套装会变化"
EVD-204,PRD-101,Google Play,Ropet Android 当前规模、App 角色与评论入口,https://play.google.com/store/apps/details?id=com.ropet.domon&hl=en_US&gl=US,Google Play,"公开显示 1K+ 下载、约 3.9 分与 37 条评论，最近更新于 2026-06-24；App 承担连接、养成、日记和虚拟物品入口，数据安全披露称可能收集位置、个人信息等并支持删除请求",A,美国,2026-06-24 更新版本,2026-07-17,待复核,已核验,output/playwright/PRD-101_google_play_2026-07-17.png,"1K+ 低于本研究 Android 100K+ 规模门槛；因独特触觉和本地 AI 机制保留为重点样本"
EVD-205,PRD-101,App Store,Ropet iOS 当前条目与设备管理能力,https://apps.apple.com/us/app/ropet/id6744607623,Apple,"美国区当前条目 App ID 6744607623；App 用于连接 Ropet、上传照片、设置名称、查看电量、调整语言/音量/静音/睡眠、同步时间、切换皮肤并获取更新",A,美国,当前 App Store 页面,2026-07-17,待复核,已核验,,App Store 评分量和下载量未公开稳定核验；iOS 页面与官网均指向该 App ID
