产品ID,产品名称,类型,形态,关系定位,目标用户,平台,记忆,语音,视觉具身,主动触达,硬件,商业模式,官网,证据状态,最近核验日期,负责人,备注,开发者,所在国家/地区,iOS App ID,Android Package,Web域名,发现来源,发现市场,规模指标类型,规模下限,规模上限,规模原文,规模数据源,规模核验日期,规模置信度,入选状态,研究层级,数据缺口,扫描批次
PRD-001,Replika,App,关系型陪伴,朋友/伴侣式长期关系,普通成人,"iOS;Android;Web",强,有,Avatar,有,无,Freemium/订阅,https://replika.com/,已核验（官方）,2026-07-16,待认领,关系状态与部分能力受订阅影响,"Luka, Inc.",美国,1158555867,ai.replika.app,https://replika.com/,既有重点产品+Google Play 商店页,"US;全球",Android安装区间,10000000,49999999,10M+,https://play.google.com/store/apps/details?id=ai.replika.app,2026-07-16,高,符合规模,标杆,"iOS规模;定价;评论;截图",B001
PRD-002,Nomi,App,关系型陪伴,朋友/伴侣/导师,普通成人,"iOS;Android;Web",强,双向语音,Avatar,有,无,Freemium/订阅,https://nomi.ai/,已核验（官方）,2026-07-16,待认领,当前美国区 iOS App ID 已由 Apple Search API 核验为 6450270929,"AI GLIMPSE INC",美国,6450270929,ai.nomi.twa,https://nomi.ai/,既有重点产品+Google Play 商店页,"US;全球",Android安装区间,100000,499999,100K+,https://play.google.com/store/apps/details?id=ai.nomi.twa,2026-07-16,高,符合规模,标杆,"iOS规模;定价;评论;截图",B001
PRD-003,Kindroid,App,高度可配置陪伴,自建人格/关系,偏好深度定制的成人,"iOS;Android;Web",强且可见,有,Avatar,有,无,Freemium/订阅,https://kindroid.ai/,已核验（官方帮助中心）,2026-07-16,待认领,记忆分层、可查看部分召回记忆,Beautifully Incorporated,美国,6451038161,com.kindroid.app,https://kindroid.ai/,既有重点产品+Google Play 商店页,"US;全球",Android安装区间,1000000,4999999,1M+,https://play.google.com/store/apps/details?id=com.kindroid.app,2026-07-16,高,符合规模,标杆,"iOS规模;定价;评论;截图",B001
PRD-004,Character.AI,App,角色与内容互动,角色扮演/社区创作,角色内容用户,"iOS;Android;Web",非本轮重点,角色通话,角色卡,非核心,无,Freemium/订阅,https://character.ai/,已核验（官方）,2026-07-16,待认领,UGC 角色与群聊构成内容网络,"Character Technologies, Inc.",美国,1671705818,ai.character.app,https://character.ai/,既有重点产品+Google Play 商店页,"US;全球",Android安装区间,50000000,99999999,50M+,https://play.google.com/store/apps/details?id=ai.character.app,2026-07-16,高,符合规模,标杆,"iOS规模;定价;评论;截图",B001
PRD-005,Tolan,App,非人化具身陪伴,外星朋友,希望温暖陪伴且保持现实边界的用户,"iOS;Android（美国区入口待核验）",强,Voice-first,动画角色,核心之一,无,Freemium/订阅,https://www.tolans.com/,已核验（官方；效果为厂商自述）,2026-07-17,待认领,"iOS 美国区当前可用；Android 既有 50K+ 记录，但美国区 Package 于 2026-07-17 返回 404",AQP Inc.,美国,6477549878,com.portola.tolan,https://www.tolans.com/,既有重点产品+商店状态复核,"US;全球",历史Android安装区间,50000,99999,50K+,https://play.google.com/store/apps/details?id=com.portola.tolan,2026-07-17,高,规模待核验,标杆,"Android状态;iOS规模;定价;评论;截图",B001
PRD-006,Friend,硬件,可穿戴挂坠,随身AI朋友,希望 AI 感知日常上下文的用户,"iOS;Web;硬件",依赖对话与环境上下文,文字/挂坠按键输入,实体挂坠,依赖环境上下文,挂坠,网页聊天免费+可选硬件一次性购买,https://friend.com/?page=hardware,已核验（官方与商店；体验待独立验证）,2026-07-17,待认领,"官网明确网页聊天免费、可选挂坠 129 美元；隐私政策覆盖持续环境音视频和生物识别数据，真实数据流与退出控制仍待实测","Friend Global, Inc.",美国,6739473884,,https://friend.com/,既有战略硬件+官网与 App Store 复核,US,未知,,,销量/出货量待核验,https://friend.com/?page=hardware,2026-07-17,低,规模待核验,重点,"销量;长期留存;真实数据流;记忆控制;独立体验",B001
PRD-007,ElliQ,硬件,家用陪伴设备,主动陪伴/照护,60+ 及其家庭,家用硬件+家属App,场景记忆,有,实体设备,核心,桌面设备,订阅/服务,https://elliq.com/pages/faqs,已核验（官方）,2026-07-16,待认领,用户与家属构成双边价值,Intuition Robotics,以色列/美国,,,,既有战略硬件,US,未知,,,用户数/出货量待核验,https://elliq.com/pages/faqs,2026-07-16,低,规模待核验,标杆,"活跃状态;定价;评论;截图",B001
PRD-008,Moflin,硬件,AI宠物,宠物式陪伴,偏好低语言压力与触觉陪伴的用户,AI宠物+App,养成式,非核心,实体宠物,行为响应,AI宠物,硬件+配套服务,https://www.casio.com/us/moflin/,已核验（官方；效果为厂商表述）,2026-07-16,待认领,触摸、陪抱和差异化成长是核心,CASIO,日本,,,,既有战略硬件,"US;JP",未知,,,销量/出货量待核验,https://www.casio.com/us/moflin/,2026-07-16,低,规模待核验,标杆,"活跃状态;定价;评论;截图",B001
PRD-009,Talkie,App,角色与内容互动,多模态 UGC 角色/内容社区,角色创作者、角色内容与互动故事用户,"iOS;Android;Web",扩展记忆（厂商描述）,角色语音/音频创作,角色卡/图像/视频/音乐,Feed/社区更新,无,Freemium+订阅+广告+虚拟物品,https://www.talkie-ai.com/,采集中,2026-07-17,待认领,"Android 当前为 Talkie: Creative AI Community，50M+、4.6 分与约 804K 评论；美国区 iOS 活跃条目已确认为 Talkie Soulful AI，原 Talkie Lab 映射纠正",SUBSUP PTE. LTD.,新加坡,6450143363,com.weaver.app.prod,https://www.talkie-ai.com/,关键词扫描+Google Play 商店页+App Store 复核,"US;全球",Android安装区间,50000000,99999999,50M+,https://play.google.com/store/apps/details?id=com.weaver.app.prod,2026-07-17,高,符合规模,重点,"Feed到聊天转化;记忆实效;广告触发;规则解释;账号内截图",B001
PRD-010,CHAI,App,角色与内容互动,成人 UGC 角色聊天/角色扮演,偏好快速进入角色聊天和写作的成人用户,"iOS;Android",评论显示历史连续性风险,角色语音,角色卡,非核心,无,Freemium+订阅+广告,https://www.chai-research.com/,采集中,2026-07-17,待认领,"Android 10M+、约 2.8 分与 807K 评论；美国区 iOS 活跃条目已确认为 Chai: Social AI Platform，近期评论集中报告历史清空与强制付费迁移",Chai Research Corp.,美国,1544750895,com.Beauchamp.Messenger.external,https://www.chai-research.com/,关键词扫描+Google Play 商店页+App Store 复核,"US;全球",Android安装区间,10000000,49999999,10M+,https://play.google.com/store/apps/details?id=com.Beauchamp.Messenger.external,2026-07-17,高,符合规模,重点,"迁移事故范围;免费额度;记忆控制;订阅恢复;账号内截图",B001
PRD-011,Anima,App,关系型陪伴,朋友/伴侣式关系,普通成人,"iOS;Android",中,有,Avatar,有,无,Freemium/订阅,https://myanima.ai/,采集中,2026-07-16,待认领,美国区 Apple Search 未找到可确认的当前 iOS 条目,Apperry Ltd.,,,anima.virtual.ai.robot.friend,https://myanima.ai/,关键词扫描+Google Play 商店页,"US;全球",Android安装区间,1000000,4999999,1M+,https://play.google.com/store/apps/details?id=anima.virtual.ai.robot.friend,2026-07-16,高,符合规模,标准卡,"iOS规模;定价;评论;截图",B001
PRD-012,Paradot,App,关系型陪伴,AI 朋友/数字生命,偏好持续关系的成人,"iOS;Android",强,有,Avatar,有,无,Freemium/订阅,https://www.paradot.ai/,采集中,2026-07-16,待认领,Google Play 安装区间达到 10M+,Dots Parallel TX Limited,,6451469304,com.withfeelingai.test,https://www.paradot.ai/,关键词扫描+Google Play 商店页,"US;全球",Android安装区间,10000000,49999999,10M+,https://play.google.com/store/apps/details?id=com.withfeelingai.test,2026-07-16,高,符合规模,重点,"iOS规模;定价;评论;截图",B001
PRD-013,EVA AI,App,关系型陪伴,恋爱/灵魂伴侣,成人浪漫陪伴用户,"iOS;Android",中,有,Avatar,有,无,Freemium/订阅,https://evaapp.ai/,采集中,2026-07-16,待认领,Google Play 安装区间达到 5M+,Novi Limited,,1551794721,com.ifriend.app,https://evaapp.ai/,关键词扫描+Google Play 商店页,"US;全球",Android安装区间,5000000,9999999,5M+,https://play.google.com/store/apps/details?id=com.ifriend.app,2026-07-16,高,符合规模,标准卡,"iOS规模;定价;评论;截图",B001
PRD-014,PolyBuzz,App,角色与内容互动,角色扮演/UGC 角色,角色内容用户,"iOS;Android;Web",中,有,角色卡/生成图,有,无,Freemium/订阅,https://www.polybuzz.ai/,采集中,2026-07-16,待认领,Google Play 安装区间达到 10M+,CLOUD WHALE INTERACTIVE TECHNOLOGY LLC.,美国,6449190344,ai.socialapps.speakmaster,https://www.polybuzz.ai/,关键词扫描+Google Play 商店页,"US;全球",Android安装区间,10000000,49999999,10M+,https://play.google.com/store/apps/details?id=ai.socialapps.speakmaster,2026-07-16,高,符合规模,标准卡,"iOS规模;定价;评论;截图",B001
PRD-015,HiWaifu,App,角色与关系互动,朋友/恋爱/角色扮演,成人角色聊天用户,"iOS;Android",中,有,角色卡,有,无,Freemium/订阅,https://hiwaifu.com/,采集中,2026-07-16,待认领,当前 Google Play 包名为 com.hiwaifu.app；原线索 com.ai.friend.chatbot 页面不可访问,LANGUAGE POWER MEDIA LIMITED,,6447806780,com.hiwaifu.app,https://hiwaifu.com/,关键词扫描+Google Play 商店页,"US;全球",Android安装区间,5000000,9999999,5M+,https://play.google.com/store/apps/details?id=com.hiwaifu.app,2026-07-16,高,符合规模,标准卡,"iOS规模;定价;评论;截图",B001
PRD-016,Linky,App,角色与内容互动,AI 角色创建/角色扮演,角色内容与创作用户,"iOS;Android",中,有,角色卡/生成图,有,无,Freemium/订阅,https://linky-ai.com/,采集中,2026-07-16,待认领,Google Play 安装区间达到 5M+,SKYWORK AI PTE LTD,新加坡,6450916631,com.aigc.ushow.ichat,https://linky-ai.com/,关键词扫描+Google Play 商店页,"US;全球",Android安装区间,5000000,9999999,5M+,https://play.google.com/store/apps/details?id=com.aigc.ushow.ichat,2026-07-16,高,符合规模,标准卡,"iOS规模;定价;评论;截图",B001
PRD-017,Romantic AI,App,恋爱型陪伴,AI 女友/朋友,成人浪漫陪伴用户,Android,中,文本,Avatar,有,无,Freemium/订阅,,采集中,2026-07-16,待认领,Google Play 标题为 AI Girlfriend: Romantic Chat,RoboBot Studio,意大利,,com.testa.chatbot,,Google Play 关键词扫描,US,Android安装区间,1000000,4999999,1M+,https://play.google.com/store/apps/details?id=com.testa.chatbot,2026-07-16,高,符合规模,标准卡,"iOS规模;Web规模;定价;评论;截图",B001
PRD-018,iGirl,App,恋爱型陪伴,AI 女友/角色扮演,成人浪漫陪伴用户,Android,中,文本,"2D/3D Avatar",有,无,Freemium/订阅,,采集中,2026-07-16,待认领,Google Play 公开安装区间 1M+,LABANE CORP. Limited,,,ai.girlfriend.virtual.dating.lover.igirl,,Google Play 关键词扫描,US,Android安装区间,1000000,4999999,1M+,https://play.google.com/store/apps/details?id=ai.girlfriend.virtual.dating.lover.igirl,2026-07-16,高,符合规模,标准卡,"iOS规模;Web规模;定价;评论;截图",B001
PRD-019,Pi,App,情绪支持型陪伴,支持者/倾听者,希望讨论生活和情绪的普通用户,"Web;短信;WhatsApp;移动端状态待核验",中,实时语音/待核验,无,非核心,无,待核验,https://pi.ai/,采集中,2026-07-17,待认领,"当前官网继续提供 Web、短信和 WhatsApp；历史 Google Play 公开安装区间 500K+，移动应用当前状态需复核",Inflection AI,美国,,ai.inflection.pi,https://pi.ai/,Google Play 历史记录+官网复核,"US;全球",历史Android安装区间,500000,999999,500K+,https://play.google.com/store/apps/details?id=ai.inflection.pi,2026-07-17,高,符合规模,重点,"移动端状态;现行商业模式;评论;截图",B001
PRD-020,Botify AI,App,角色与内容互动,AI 角色/灵魂伴侣/社区,角色创建与角色扮演用户,"iOS;Android;Web",中,语音/通话,角色卡/生成图,有,无,Freemium/订阅,https://botify.ai/,采集中,2026-07-16,待认领,Google Play 公开安装区间 1M+,Ex-human Inc.,美国,,ai.botify.app,https://botify.ai/,Google Play 关键词扫描,"US;全球",Android安装区间,1000000,4999999,1M+,https://play.google.com/store/apps/details?id=ai.botify.app,2026-07-16,高,符合规模,标准卡,"iOS规模;定价;评论;截图",B001
PRD-021,Dopple.AI,App,角色与内容互动,社区角色/角色扮演,角色内容用户,"iOS;Android;Web",中,文本,角色卡,非核心,无,Freemium/订阅,https://dopple.ai/,采集中,2026-07-16,待认领,Google Play 公开安装区间 1M+；页面更新停留在 2025-06,Dopple Labs Inc.,美国,,mobile.dopple.ai,https://dopple.ai/,Google Play 相似应用+关键词扫描,"US;全球",Android安装区间,1000000,4999999,1M+,https://play.google.com/store/apps/details?id=mobile.dopple.ai,2026-07-16,高,符合规模,标准卡,"iOS规模;活跃状态;定价;评论;截图",B001
PRD-022,Emochi,App,角色与内容互动,动漫角色/故事/角色扮演,动漫与角色内容用户,"iOS;Android;Web",中,文本,动画角色/生成图,有,无,Freemium/订阅,https://emochi.com/,采集中,2026-07-16,待认领,Google Play 公开安装区间 10M+ 且评论量高，优先进入评论抽样,FlowGPT,美国,,com.flow.mobile,https://emochi.com/,Google Play 关键词扫描,"US;全球",Android安装区间,10000000,49999999,10M+,https://play.google.com/store/apps/details?id=com.flow.mobile,2026-07-16,高,符合规模,标准卡,"iOS规模;定价;评论;截图",B001
PRD-023,RolePlai,App,高度可配置陪伴,自建角色/冒险/关系,偏好角色定制与故事的用户,"iOS;Android",中,语音/Face Chat,Avatar,有,无,Freemium/订阅,https://roleplai.app/,采集中,2026-07-16,待认领,Google Play 公开安装区间 500K+,RolePlai,,1671444242,com.roleplai.app,https://roleplai.app/,Google Play 关键词扫描,"US;全球",Android安装区间,500000,999999,500K+,https://play.google.com/store/apps/details?id=com.roleplai.app,2026-07-16,高,符合规模,标准卡,"iOS规模;定价;评论;截图",B001
PRD-024,Poppy,App,恋爱与角色互动,动漫伴侣/角色扮演,成人动漫角色聊天用户,Android,中,文本,动漫角色,有,无,Freemium/订阅,,采集中,2026-07-16,待认领,Google Play 公开安装区间 100K+,Fainax Apps,,,com.poppy.helper.tkb,,Google Play 关键词扫描,US,Android安装区间,100000,499999,100K+,https://play.google.com/store/apps/details?id=com.poppy.helper.tkb,2026-07-16,高,符合规模,标准卡,"iOS规模;Web规模;定价;评论;截图",B001
PRD-025,Crush AI,App,恋爱型陪伴,AI 女友/虚拟伴侣,成人浪漫陪伴用户,Android,中,文本,Avatar,有,无,Freemium/订阅,,采集中,2026-07-16,待认领,Google Play 公开安装区间 100K+；不是 CrushOn.AI,X PhotoKit,,,com.xphotokit.crushai,,Google Play 关键词扫描,US,Android安装区间,100000,499999,100K+,https://play.google.com/store/apps/details?id=com.xphotokit.crushai,2026-07-16,高,符合规模,标准卡,"iOS规模;Web规模;定价;评论;截图",B001
PRD-026,Rosytalk,App,角色与内容互动,虚拟伴侣/角色扮演/情绪支持,角色与陪伴用户,Android,有（厂商描述）,语音/视频通话,角色卡/生成图,有（厂商描述）,无,Freemium/订阅,,采集中,2026-07-16,待认领,"商店页强调记忆、主动对话、角色创建和实时通话",MINDZEN AI,,,com.rosytalk.ai,,Google Play关键词扫描+开发者组合,US,Android安装区间,5000000,9999999,5M+,https://play.google.com/store/apps/details?id=com.rosytalk.ai,2026-07-16,高,符合规模,标准卡,"iOS规模;Web规模;定价;评论",B002
PRD-027,Fantasia,App,角色与内容互动,角色扮演/AI 角色,角色内容用户,Android,待核验,待核验,角色卡/生成图,待核验,无,Freemium/订阅,,采集中,2026-07-16,待认领,Google Play 公开安装区间 1M+；2026-07-03 更新,MINDZEN AI,,,com.fantasia.ai,,Google Play关键词扫描+开发者组合,US,Android安装区间,1000000,4999999,1M+,https://play.google.com/store/apps/details?id=com.fantasia.ai,2026-07-16,高,符合规模,标准卡,"iOS规模;Web规模;定价;评论;截图",B002
PRD-028,Dialogue,App,角色与关系互动,AI 角色/数字伴侣,希望沉浸式陪伴的成人用户,Android,待核验,待核验,角色卡/数字人,待核验,无,Freemium/订阅,,采集中,2026-07-16,待认领,Google Play 标题为 Dialogue: AI Chat & Companion；2026-06-26 更新,Pheon,,,com.pheon,,Google Play关键词扫描+相似应用,US,Android安装区间,1000000,4999999,1M+,https://play.google.com/store/apps/details?id=com.pheon,2026-07-16,高,符合规模,标准卡,"iOS规模;Web规模;定价;评论;截图",B002
PRD-029,Saylo,App,角色与内容互动,创意世界/故事/角色扮演,故事与角色内容用户,Android,待核验,待核验,角色卡/生成内容,待核验,无,Freemium/订阅,,采集中,2026-07-16,待认领,Google Play 公开安装区间 5M+；2026-07-04 更新,X ORIGINAL(HONG KONG) LIMITED,中国香港,,com.xverse.aistory,,Google Play关键词扫描+相似应用,US,Android安装区间,5000000,9999999,5M+,https://play.google.com/store/apps/details?id=com.xverse.aistory,2026-07-16,高,符合规模,标准卡,"iOS规模;Web规模;定价;评论;截图",B002
PRD-030,Otherhalf,App,关系型陪伴,动漫朋友/情绪陪伴,偏好固定动漫角色的用户,Android,待核验,待核验,动漫角色,待核验,无,Freemium/订阅,,采集中,2026-07-16,待认领,Google Play 公开安装区间 100K+；2026-05-14 更新,"Azimov, Inc",美国,,com.azimov.otherhalf,,Google Play关键词扫描+相似应用,US,Android安装区间,100000,499999,100K+,https://play.google.com/store/apps/details?id=com.azimov.otherhalf,2026-07-16,高,符合规模,标准卡,"iOS规模;Web规模;定价;评论;截图",B002
PRD-031,MingloTalk,App,角色与内容互动,AI 角色聊天/角色扮演,角色内容用户,Android,待核验,待核验,角色卡,待核验,无,Freemium/订阅,,采集中,2026-07-16,待认领,Google Play 公开安装区间 500K+；2026-06-09 更新,shopihi,,,ai.minglotalk.chatbot,,Google Play关键词扫描+相似应用,US,Android安装区间,500000,999999,500K+,https://play.google.com/store/apps/details?id=ai.minglotalk.chatbot,2026-07-16,高,符合规模,标准卡,"iOS规模;Web规模;定价;评论;截图",B002
PRD-032,Dootchi,App,角色与内容互动,AI 角色聊天/角色扮演,角色内容用户,Android,待核验,待核验,角色卡,待核验,无,Freemium/订阅,,采集中,2026-07-16,待认领,Google Play 公开安装区间 1M+；2026-06-25 更新,Hello Kirana,,,com.lucky.zootchi,,Google Play关键词扫描+相似应用,US,Android安装区间,1000000,4999999,1M+,https://play.google.com/store/apps/details?id=com.lucky.zootchi,2026-07-16,高,符合规模,标准卡,"iOS规模;Web规模;定价;评论;截图",B002
PRD-033,Cycle AI,App,角色与关系互动,AI 朋友/角色扮演,角色与陪伴用户,Android,待核验,待核验,角色卡,待核验,无,Freemium/订阅,,采集中,2026-07-16,待认领,Google Play 公开安装区间 1M+；2026-07-03 更新,Beefun Pte. Ltd.,新加坡,,com.cycleai.android,,Google Play关键词扫描+相似应用,US,Android安装区间,1000000,4999999,1M+,https://play.google.com/store/apps/details?id=com.cycleai.android,2026-07-16,高,符合规模,标准卡,"iOS规模;Web规模;定价;评论;截图",B002
PRD-034,Flipped,App,角色与内容互动,AI 角色聊天/故事互动,角色内容用户,Android,待核验,待核验,角色卡,待核验,无,Freemium/订阅,,采集中,2026-07-16,待认领,Google Play 公开安装区间 1M+；2026-07-10 更新,Flipped Chat,,,com.dating.ai,,Google Play关键词扫描+相似应用,US,Android安装区间,1000000,4999999,1M+,https://play.google.com/store/apps/details?id=com.dating.ai,2026-07-16,高,符合规模,标准卡,"iOS规模;Web规模;定价;评论;截图",B002
PRD-035,zeta,App,角色与内容互动,互动故事/UGC 角色/主角体验,浪漫、幻想和互动故事用户,"iOS;Android",待核验,待核验,角色卡/故事/对话转图,非核心,无,Freemium+广告+应用内购买,https://zeta-ai.io/,采集中,2026-07-17,待认领,"Android 1M+、4.5 分与约 156K 评论；主打免费无限聊天、1 分钟建角、Smart Reply 和对话转图；评论出现广告、宕机、重复和角色资料保存失败","Scatter Lab, Inc.",韩国,1578235562,com.scatterlab.messenger,https://zeta-ai.io/,Google Play关键词扫描+相似应用+App Store 复核,"US;全球",Android安装区间,1000000,4999999,1M+,https://play.google.com/store/apps/details?id=com.scatterlab.messenger,2026-07-17,高,符合规模,重点,"记忆结构;广告频率;付费权益;角色资料稳定性;账号内截图",B002
PRD-036,PixelChat,App,角色与内容互动,AI 角色聊天/角色扮演,角色内容用户,Android,待核验,待核验,角色卡,待核验,无,Freemium/订阅,,采集中,2026-07-16,待认领,Google Play 公开安装区间 500K+；2026-07-08 更新,NextDayAI,,,ai.nextday.mobile.android.pixelchat,,Google Play关键词扫描+相似应用,US,Android安装区间,500000,999999,500K+,https://play.google.com/store/apps/details?id=ai.nextday.mobile.android.pixelchat,2026-07-16,高,符合规模,标准卡,"iOS规模;Web规模;定价;评论;截图",B002
PRD-037,Rochat,App,角色与内容互动,AI 角色聊天/角色扮演,角色内容用户,Android,待核验,待核验,角色卡,待核验,无,Freemium/订阅,https://rochat.ai/,采集中,2026-07-16,待认领,Google Play 公开安装区间 500K+；2026-07-02 更新,rochat.ai,,,ai.rochat.bot,https://rochat.ai/,Google Play关键词扫描+相似应用,US,Android安装区间,500000,999999,500K+,https://play.google.com/store/apps/details?id=ai.rochat.bot,2026-07-16,高,符合规模,标准卡,"iOS规模;Web规模;定价;评论;截图",B002
PRD-038,Suka,App,角色与内容互动,AI 角色/故事互动,角色内容用户,Android,待核验,待核验,角色卡/故事,待核验,无,Freemium/订阅,,采集中,2026-07-16,待认领,Google Play 公开安装区间 500K+；2025-12-29 更新,AILI TECH,,,com.ezuseapp.ezcrush.chatbot,,Google Play关键词扫描+相似应用,US,Android安装区间,500000,999999,500K+,https://play.google.com/store/apps/details?id=com.ezuseapp.ezcrush.chatbot,2026-07-16,高,符合规模,标准卡,"iOS规模;Web规模;定价;评论;截图",B002
PRD-039,Moescape,App,角色与内容互动,AI 角色聊天/创作,动漫角色与创作用户,Android,待核验,待核验,角色卡/AI 艺术,待核验,无,Freemium/订阅,,采集中,2026-07-16,待认领,Google Play 公开安装区间 500K+；2026-07-15 更新,Moescape,,,ai.moescape.android,,Google Play关键词扫描+相似应用,US,Android安装区间,500000,999999,500K+,https://play.google.com/store/apps/details?id=ai.moescape.android,2026-07-16,高,符合规模,标准卡,"iOS规模;Web规模;定价;评论;截图",B002
PRD-040,Blush,App,恋爱与关系模拟,AI 约会模拟/关系练习,成人浪漫关系用户,Android,待核验,待核验,角色卡,待核验,无,Freemium/订阅,https://blush.ai/,采集中,2026-07-16,待认领,Google Play 公开安装区间 1M+；2026-07-03 更新,Blush AI,美国,,ai.blush,https://blush.ai/,Google Play关键词扫描+相似应用,US,Android安装区间,1000000,4999999,1M+,https://play.google.com/store/apps/details?id=ai.blush,2026-07-16,高,符合规模,标准卡,"iOS规模;Web规模;定价;评论;截图",B002
PRD-041,LoveMode,App,恋爱型陪伴,AI 女友/浪漫聊天,成人浪漫陪伴用户,Android,待核验,待核验,Avatar,待核验,无,Freemium/订阅,,采集中,2026-07-16,待认领,Google Play 公开安装区间 500K+；2026-06-23 更新,kodrakcompany,,,com.kodrak.aidreamgirls,,Google Play关键词扫描+相似应用,US,Android安装区间,500000,999999,500K+,https://play.google.com/store/apps/details?id=com.kodrak.aidreamgirls,2026-07-16,高,符合规模,标准卡,"iOS规模;Web规模;定价;评论;截图",B002
PRD-042,Crushie AI,App,恋爱型陪伴,浪漫 AI 聊天/虚拟伴侣,成人浪漫陪伴用户,Android,待核验,待核验,Avatar,待核验,无,Freemium/订阅,,采集中,2026-07-16,待认领,Google Play 标题显示为 Crushie Al: Romance AI Chat；2026-07-02 更新,Qianfan Hong Kong Limited,中国香港,,ai.onspace.app,,Google Play关键词扫描+相似应用,US,Android安装区间,100000,499999,100K+,https://play.google.com/store/apps/details?id=ai.onspace.app,2026-07-16,高,符合规模,标准卡,"iOS规模;Web规模;定价;评论;截图",B002
PRD-043,MiraiMind,App,高度可配置陪伴,自建 AI 人格/角色关系与成长,偏好自定义角色、恋爱叙事和关系养成的成人用户,"iOS;Android",强记忆主张；评论争议,可设声音,角色卡/Avatar/AI 绘图,互动等级/礼物,无,Freemium+订阅+广告+虚拟币,https://miraimind.hellogroupjapan.com/,采集中,2026-07-17,待认领,"Android 1M+、2.3 分与约 30.3K 评论；提供内心想法、角色日常、礼物和互动等级，但评论集中质疑 15–20 轮遗忘、付费记忆效果和角色单一化","HELLO GROUP JAPAN CO., LTD.",日本,6502374920,com.immomo.miraimind,https://miraimind.hellogroupjapan.com/,Google Play关键词扫描+相似应用+App Store 复核,"US;全球",Android安装区间,1000000,4999999,1M+,https://play.google.com/store/apps/details?id=com.immomo.miraimind,2026-07-17,高,符合规模,重点,"记忆实效;互动等级作用;免费币失效;订阅价格;账号内截图",B002
PRD-044,AI Dungeon,App,互动叙事,AI 故事/RPG/多人冒险,互动故事和角色扮演用户,"Android;Web",剧情上下文,待核验,文本故事,非核心,无,Freemium/订阅,https://aidungeon.com/,采集中,2026-07-16,待认领,偏互动叙事而非 1:1 陪伴；作为邻接品类保留,"Latitude Inc.",美国,,com.aidungeon,https://aidungeon.com/,Google Play关键词扫描+相似应用,US,Android安装区间,1000000,4999999,1M+,https://play.google.com/store/apps/details?id=com.aidungeon,2026-07-16,高,符合规模,标准卡,"iOS规模;Web规模;定价;评论;截图",B002
PRD-045,FictionLab AI,App,互动叙事,AI 故事/角色扮演,互动故事用户,Android,剧情上下文,待核验,文本故事,非核心,无,Freemium/订阅,,采集中,2026-07-16,待认领,Google Play 公开安装区间 100K+；2026-07-13 更新,FictionLab,,,ai.fictionlab.app,,Google Play关键词扫描+相似应用,US,Android安装区间,100000,499999,100K+,https://play.google.com/store/apps/details?id=ai.fictionlab.app,2026-07-16,高,符合规模,标准卡,"iOS规模;Web规模;定价;评论;截图",B002
PRD-046,Hangjam,App,角色与内容互动,AI 聊天/角色扮演,角色与故事用户,Android,待核验,待核验,角色卡,待核验,无,Freemium/订阅,,采集中,2026-07-16,待认领,Google Play 公开安装区间 100K+；2026-06-22 更新,Hangjam,,,ai.hangjam.app,,Google Play关键词扫描+相似应用,US,Android安装区间,100000,499999,100K+,https://play.google.com/store/apps/details?id=ai.hangjam.app,2026-07-16,高,符合规模,标准卡,"iOS规模;Web规模;定价;评论;截图",B002
PRD-047,Yollo AI,App,角色与内容互动,AI 角色扮演/视频互动,角色内容用户,Android,待核验,待核验,角色卡/AI 视频,待核验,无,Freemium/订阅,,采集中,2026-07-16,待认领,Google Play 公开安装区间 100K+；2026-06-05 更新,Shijiazhuang Youcode Network Technology Co. Ltd.,中国,,com.isetsail.yollo,,Google Play关键词扫描+相似应用,US,Android安装区间,100000,499999,100K+,https://play.google.com/store/apps/details?id=com.isetsail.yollo,2026-07-16,高,符合规模,标准卡,"iOS规模;Web规模;定价;评论;截图",B002
PRD-048,Tipsy Chat,App,互动叙事,AI 故事/角色扮演,互动故事与角色用户,Android,剧情上下文,待核验,角色卡/故事,待核验,无,Freemium/订阅,,采集中,2026-07-16,待认领,Google Play 公开安装区间 1M+；2026-07-12 更新,krachdev,,,com.tipsyturbo.app,,Google Play相似应用,US,Android安装区间,1000000,4999999,1M+,https://play.google.com/store/apps/details?id=com.tipsyturbo.app,2026-07-16,高,符合规模,标准卡,"iOS规模;Web规模;定价;评论;截图",B002
PRD-049,Sakura,App,角色与内容互动,AI 角色/聊天机器人,角色内容用户,Android,待核验,待核验,角色卡,待核验,无,Freemium/订阅,https://www.sakura.fm/,采集中,2026-07-16,待认领,Google Play 公开安装区间 500K+；最近更新停留在 2024-12-30,Sakura AI LLC,美国,,fm.sakura.app,https://www.sakura.fm/,Google Play关键词扫描,US,Android安装区间,500000,999999,500K+,https://play.google.com/store/apps/details?id=fm.sakura.app,2026-07-16,高,符合规模,标准卡,"iOS规模;Web规模;活跃状态;定价;评论;截图",B002
PRD-050,Kajiwoto,App,高度可配置陪伴,自建 AI 朋友/伴侣,偏好长期定制关系的用户,"Android;Web",待核验,待核验,角色卡,待核验,无,Freemium/订阅,https://kajiwoto.ai/,采集中,2026-07-16,待认领,Google Play 公开安装区间 100K+；最近更新停留在 2024-10-31,Kajiwoto,美国,,com.cho.kajiwoto,https://kajiwoto.ai/,Google Play关键词扫描,US,Android安装区间,100000,499999,100K+,https://play.google.com/store/apps/details?id=com.cho.kajiwoto,2026-07-16,高,符合规模,标准卡,"iOS规模;Web规模;活跃状态;定价;评论;截图",B002
PRD-051,DeepLove AI,App,恋爱型陪伴,梦境恋爱/AI 伴侣,成人浪漫陪伴用户,Android,待核验,待核验,Avatar,待核验,无,Freemium/订阅,,采集中,2026-07-16,待认领,Google Play 公开安装区间 100K+；最近更新 2026-07-02,Onesoft Technology Limited,,,com.deeplove.ai,,Google Play 关键词扫描+相似应用,US,Android安装区间,100000,499999,100K+,https://play.google.com/store/apps/details?id=com.deeplove.ai,2026-07-16,高,符合规模,标准卡,iOS规模;Web规模;定价;评论;截图,B003
PRD-052,imely,App,角色与内容互动,角色扮演/互动故事,故事与角色内容用户,Android,待核验,待核验,角色卡,待核验,无,Freemium/订阅,,采集中,2026-07-16,待认领,Google Play 公开安装区间 100K+；最近更新 2026-07-02,AI HAY PTE. LTD,新加坡,,com.fai.imely,,Google Play 关键词扫描+相似应用,US,Android安装区间,100000,499999,100K+,https://play.google.com/store/apps/details?id=com.fai.imely,2026-07-16,高,符合规模,标准卡,iOS规模;Web规模;定价;评论;截图,B003
PRD-053,Friends – Raise AI Companions,App,数字宠物式陪伴,共享养成/学习与自我照护伙伴,朋友、伴侣、学生与习惯养成用户,"iOS;Android",有（厂商描述）,待核验,数字宠物,小组件/提醒（厂商描述）,无,Freemium+订阅+广告,https://penguapp.co/,采集中,2026-07-17,待认领,"Android 5M+、4.5 分与约 162K 评论；当前扩展为 Pengu 共享养成、Mellow 学习和 Bao 自我照护三条路径",SLAY GmbH,德国,6462927800,com.slay.pengu,https://penguapp.co/,Google Play 关键词扫描+相似应用+App Store 复核,"US;全球",Android安装区间,5000000,9999999,5M+,https://play.google.com/store/apps/details?id=com.slay.pengu,2026-07-17,高,符合规模,重点,"Web规模;付费墙触发;记忆实效;评论补样;账号内截图",B003
PRD-054,Star Girl,App,恋爱型陪伴,虚拟女友/宇宙主题对话,成人浪漫陪伴用户,Android,待核验,待核验,Avatar,待核验,无,Freemium/订阅,,采集中,2026-07-16,待认领,Google Play 公开安装区间 500K+；最近更新 2026-06-27,Akeynan Apps,,,com.aboutai.startgirl2025,,Google Play 关键词扫描+相似应用,US,Android安装区间,500000,999999,500K+,https://play.google.com/store/apps/details?id=com.aboutai.startgirl2025,2026-07-16,高,符合规模,标准卡,iOS规模;Web规模;定价;评论;截图,B003
PRD-055,Spark AI,App,角色与关系互动,AI 角色/虚拟伴侣,角色与陪伴用户,Android,待核验,待核验,角色卡,待核验,无,Freemium/订阅,,采集中,2026-07-16,待认领,Google Play 公开安装区间 500K+；最近更新 2026-03-05,ASTARTO GROUP LTD,,,ai.your.assistant.chats,,Google Play 关键词扫描+相似应用,US,Android安装区间,500000,999999,500K+,https://play.google.com/store/apps/details?id=ai.your.assistant.chats,2026-07-16,高,符合规模,标准卡,iOS规模;Web规模;定价;评论;截图,B003
PRD-056,Joyland,App,角色与内容互动,AI 角色聊天/角色扮演,角色内容用户,Android,待核验,待核验,角色卡,待核验,无,Freemium/订阅,,采集中,2026-07-16,待认领,Google Play 公开安装区间 100K+；最近更新 2026-05-26,MINDZEN AI,,,com.joyland.ai,,Google Play 关键词扫描+相似应用,US,Android安装区间,100000,499999,100K+,https://play.google.com/store/apps/details?id=com.joyland.ai,2026-07-16,高,符合规模,标准卡,iOS规模;Web规模;定价;评论;截图,B003
PRD-057,Neverending,App,互动叙事,AI 挑战/角色剧情互动,互动故事与角色用户,Android,待核验,待核验,角色卡/故事,待核验,无,Freemium/订阅,,采集中,2026-07-16,待认领,Google Play 公开安装区间 1M+；最近更新 2026-07-10,APPFACTORY GLOBAL PTE. LTD.,新加坡,,neverending.ai.challenge.neverending,,Google Play 关键词扫描+相似应用,US,Android安装区间,1000000,4999999,1M+,https://play.google.com/store/apps/details?id=neverending.ai.challenge.neverending,2026-07-16,高,符合规模,标准卡,iOS规模;Web规模;定价;评论;截图,B003
PRD-058,Dokichat,App,恋爱型陪伴,浪漫 AI 角色聊天,成人浪漫陪伴用户,Android,待核验,待核验,角色卡,待核验,无,Freemium/订阅,,采集中,2026-07-16,待认领,Google Play 公开安装区间 1M+；最近更新 2026-07-11,Dokichat AI,,,app.doki.dokichat,,Google Play 关键词扫描+相似应用,US,Android安装区间,1000000,4999999,1M+,https://play.google.com/store/apps/details?id=app.doki.dokichat,2026-07-16,高,符合规模,标准卡,iOS规模;Web规模;定价;评论;截图,B003
PRD-059,AIKO,App,3D 恋爱陪伴,3D AI 女友/互动游戏,成人浪漫陪伴用户,Android,待核验,待核验,3D Avatar,待核验,无,Freemium/订阅,,采集中,2026-07-16,待认领,Google Play 公开安装区间 100K+；最近更新 2026-07-08,olympus studio,,,com.olympusstudio.AikoAICompanion,,Google Play 关键词扫描+相似应用,US,Android安装区间,100000,499999,100K+,https://play.google.com/store/apps/details?id=com.olympusstudio.AikoAICompanion,2026-07-16,高,符合规模,标准卡,iOS规模;Web规模;定价;评论;截图,B003
PRD-060,Floze,App,恋爱与互动叙事,浪漫幻想/AI 角色聊天,浪漫故事用户,Android,待核验,待核验,角色卡/故事,待核验,无,Freemium/订阅,,采集中,2026-07-16,待认领,Google Play 公开安装区间 100K+；最近更新 2026-07-13,"Printage, inc.",,,com.printage.floze,,Google Play 关键词扫描+相似应用,US,Android安装区间,100000,499999,100K+,https://play.google.com/store/apps/details?id=com.printage.floze,2026-07-16,高,符合规模,标准卡,iOS规模;Web规模;定价;评论;截图,B003
PRD-061,Melting,App,恋爱型陪伴,AI 浪漫聊天,成人浪漫陪伴用户,Android,待核验,待核验,角色卡,待核验,无,Freemium/订阅,,采集中,2026-07-16,待认领,Google Play 公开安装区间 100K+；最近更新 2026-06-26,Watnee Inc.,,,chat.melting.apppp,,Google Play 关键词扫描+相似应用,US,Android安装区间,100000,499999,100K+,https://play.google.com/store/apps/details?id=chat.melting.apppp,2026-07-16,高,符合规模,标准卡,iOS规模;Web规模;定价;评论;截图,B003
PRD-062,Dream Girl,App,恋爱型陪伴,AI 女友/虚拟伴侣,成人浪漫陪伴用户,Android,待核验,待核验,Avatar,待核验,无,Freemium/订阅,,采集中,2026-07-16,待认领,Google Play 公开安装区间 500K+；最近更新 2026-01-09,"Hangzhou Aoben Jizhi Technology Co., Ltd.",中国,,com.ai.dreamgril,,Google Play 关键词扫描+相似应用,US,Android安装区间,500000,999999,500K+,https://play.google.com/store/apps/details?id=com.ai.dreamgril,2026-07-16,高,符合规模,标准卡,iOS规模;Web规模;定价;评论;截图,B003
PRD-063,Funny _Happy Chat,App,角色与关系互动,AI 角色聊天/轻陪伴,角色与陪伴用户,Android,待核验,待核验,角色卡,待核验,无,Freemium/订阅,,采集中,2026-07-16,待认领,Google Play 公开安装区间 500K+；最近更新 2025-10-10,"KY Technology Co., Ltd.",,,com.funnyai.chatplay,,Google Play 关键词扫描+相似应用,US,Android安装区间,500000,999999,500K+,https://play.google.com/store/apps/details?id=com.funnyai.chatplay,2026-07-16,高,符合规模,标准卡,iOS规模;Web规模;活跃状态;定价;评论;截图,B003
PRD-064,Kavana,App,互动叙事,AI 聊天故事/角色扮演,互动故事用户,Android,待核验,待核验,角色卡/故事,待核验,无,Freemium/订阅,,采集中,2026-07-16,待认领,Google Play 公开安装区间 500K+；最近更新 2026-07-09,afahcc labs private limited,印度,,com.kavana.android,,Google Play 关键词扫描+相似应用,US,Android安装区间,500000,999999,500K+,https://play.google.com/store/apps/details?id=com.kavana.android,2026-07-16,高,符合规模,标准卡,iOS规模;Web规模;定价;评论;截图,B003
PRD-065,Wysa,App,情绪支持型陪伴,心理健康支持/自助教练,寻求情绪支持与自助练习的用户,Android,待核验,待核验,企鹅式角色,待核验,无,Freemium/订阅,,采集中,2026-07-16,待认领,Google Play 公开安装区间 1M+；最近更新 2026-07-13,Touchkin,印度/英国,,bot.touchkin,,Google Play 关键词扫描+相似应用,US,Android安装区间,1000000,4999999,1M+,https://play.google.com/store/apps/details?id=bot.touchkin,2026-07-16,高,符合规模,标杆,iOS规模;Web规模;定价;评论;截图;安全,B003
PRD-066,Noah,App,情绪支持型陪伴,AI 心理支持/倾听者,寻求情绪支持的成人用户,Android,待核验,待核验,无/待核验,待核验,无,Freemium/订阅,,采集中,2026-07-16,待认领,Google Play 公开安装区间 100K+；最近更新 2026-07-02,FeelGood Labs,,,com.capitalx.blissfully,,Google Play 关键词扫描+相似应用,US,Android安装区间,100000,499999,100K+,https://play.google.com/store/apps/details?id=com.capitalx.blissfully,2026-07-16,高,符合规模,标准卡,iOS规模;Web规模;定价;评论;截图;安全,B003
PRD-067,Ash,App,情绪支持型陪伴,AI 心理健康与情绪支持,寻求情绪支持与长期自我反思的成人用户,"iOS;Android",模式学习与周报（厂商描述）,语音与文字,无,待核验,无,Freemium/订阅,https://talktoash.com/,采集中,2026-07-17,待认领,"Android 100K+、4.5 分与约 4.88K 评论；18+，明确非医疗替代和非危机场景；评论出现记忆、声音变化和连接稳定性风险","Slingshot AI Inc",美国,6474862947,xyz.slingshot.ashley.app,https://talktoash.com/,Google Play 关键词扫描+相似应用+App Store 复核,US,Android安装区间,100000,499999,100K+,https://play.google.com/store/apps/details?id=xyz.slingshot.ashley.app,2026-07-17,高,符合规模,重点,"Web规模;订阅周期映射;记忆控制;危机流程;账号内截图",B003
PRD-068,Awarefy,App,情绪支持型陪伴,AI Mental Partner/记录与自助练习,日本及英语市场的心理健康自助用户,"iOS;Android",记录/周报/AI 洞察,音频练习；AI 聊天语音待核验,无,晨晚 Check-in/Check-out,无,Freemium+分层订阅,https://www.awarefy.com/,采集中,2026-07-17,待认领,"Android 100K+、约 3.5 分与 2.78K 评论；把晨晚记录、情绪笔记、应对清单、周报与 AI 对话组成结构化循环；英文覆盖和能量/付费限制是评论风险","Awarefy, K.K.",日本,1513802951,app.awarefy.awarefyapp,https://www.awarefy.com/,Google Play 关键词扫描+相似应用+App Store 复核,US,Android安装区间,100000,499999,100K+,https://play.google.com/store/apps/details?id=app.awarefy.awarefyapp,2026-07-17,高,符合规模,重点,"Web规模;AI Partner 额度;英文完整度;记忆控制;账号内截图",B003
PRD-069,Woebot,App,情绪支持型陪伴,心理健康 Ally/对话式自助,寻求心理健康支持的用户,Android,待核验,待核验,机器人角色,待核验,无,Freemium/订阅,,采集中,2026-07-16,待认领,Google Play 公开安装区间 500K+；最近更新 2024-11-01,Woebot Health Inc,美国,,com.woebot,,Google Play 关键词扫描+相似应用,US,Android安装区间,500000,999999,500K+,https://play.google.com/store/apps/details?id=com.woebot,2026-07-16,高,符合规模,标准卡,iOS规模;Web规模;活跃状态;定价;评论;截图;安全,B003
PRD-070,Cupiee,App,情绪支持与社交,情绪 AI 伙伴/社区互动,寻求表达与轻社交的用户,Android,待核验,待核验,角色卡,待核验,无,Freemium/订阅,,采集中,2026-07-16,待认领,Google Play 公开安装区间 100K+；最近更新 2025-08-22,Oraichain Labs US,美国/越南,,com.cupiee,,Google Play 关键词扫描+相似应用,US,Android安装区间,100000,499999,100K+,https://play.google.com/store/apps/details?id=com.cupiee,2026-07-16,高,符合规模,标准卡,iOS规模;Web规模;活跃状态;定价;评论;截图,B003
PRD-071,Aspect,App,AI 社交模拟,AI-only 社交媒体/多角色互动,偏好模拟社交和内容互动的用户,"iOS;Android",角色背景/互动连续性待核验,Feed 内角色发帖/评论/DM,AI 角色卡/图片/Feed,待核验,无,Freemium/订阅,https://www.aspectapp.xyz/,已核验（官方；体验待独立验证）,2026-07-17,待认领,"Google Play 100K+、约 4.4 分与 13.4K 评论；产品以 Feed、帖子、图片、评论、DM 和自建角色模拟只有一个真人的社交世界，评论同时指出免费额度、发布失败、角色同质化和账号丢失风险","Arch Platforms, Inc",美国,6502742786,xyz.aspectapp.aspect,https://www.aspectapp.xyz/,Google Play 关键词扫描+相似应用,US,Android安装区间,100000,499999,100K+,https://play.google.com/store/apps/details?id=xyz.aspectapp.aspect&hl=en_US&gl=US,2026-07-17,高,符合规模,重点,"记忆结构;角色多样性;免费权益;账号恢复;安全边界;账号内截图",B003
PRD-072,Lumia,App,角色与关系互动,AI 角色聊天/角色扮演,角色与陪伴用户,Android,待核验,待核验,角色卡,待核验,无,Freemium/订阅,,采集中,2026-07-16,待认领,Google Play 公开安装区间 500K+；最近更新 2026-07-01,Amobear Application - AILABS.,越南,,com.aichat.aigirlfriend.roleplay,,Google Play 关键词扫描+相似应用,US,Android安装区间,500000,999999,500K+,https://play.google.com/store/apps/details?id=com.aichat.aigirlfriend.roleplay,2026-07-16,高,符合规模,标准卡,iOS规模;Web规模;定价;评论;截图,B003
PRD-073,Koko AI,App,3D 角色互动,3D AI 角色/互动游戏,偏好视觉具身角色的用户,Android,待核验,待核验,3D Avatar,待核验,无,Freemium/订阅,,采集中,2026-07-16,待认领,Google Play 公开安装区间 100K+；最近更新 2025-10-10,Seele Technology Limited,中国香港,,com.seele.app.kokoai,,Google Play 关键词扫描+相似应用,US,Android安装区间,100000,499999,100K+,https://play.google.com/store/apps/details?id=com.seele.app.kokoai,2026-07-16,高,符合规模,标准卡,iOS规模;Web规模;活跃状态;定价;评论;截图,B003
PRD-074,SoulTalk,App,关系型陪伴,AI 朋友/谈话伙伴,寻求日常对话陪伴的用户,Android,待核验,待核验,角色卡,待核验,无,Freemium/订阅,,采集中,2026-07-16,待认领,Google Play 公开安装区间 100K+；最近更新 2026-06-30,Mutha Brothers,印度,,com.aipartner.soulchat,,Google Play 关键词扫描+相似应用,US,Android安装区间,100000,499999,100K+,https://play.google.com/store/apps/details?id=com.aipartner.soulchat,2026-07-16,高,符合规模,标准卡,iOS规模;Web规模;定价;评论;截图,B003
PRD-075,AI Game Master,App,互动叙事,AI 地牢/RPG 游戏主持,互动故事与 RPG 用户,Android,待核验,待核验,文本故事,待核验,无,Freemium/订阅,,采集中,2026-07-16,待认领,Google Play 公开安装区间 100K+；最近更新 2026-07-13,Digital Dynasty Entertainment Inc,,,com.aisuccess.ai_game_master,,Google Play 关键词扫描+相似应用,US,Android安装区间,100000,499999,100K+,https://play.google.com/store/apps/details?id=com.aisuccess.ai_game_master,2026-07-16,高,符合规模,标准卡,iOS规模;Web规模;定价;评论;截图,B003
PRD-076,TiKie,App,角色与内容互动,幻想角色扮演/AI 角色,幻想故事与角色用户,Android,待核验,待核验,角色卡/故事,待核验,无,Freemium/订阅,,采集中,2026-07-16,待认领,Google Play 公开安装区间 1M+；最近更新 2026-06-18,Junoverse,,,com.tikie.ai.android,,Google Play 关键词扫描+相似应用,US,Android安装区间,1000000,4999999,1M+,https://play.google.com/store/apps/details?id=com.tikie.ai.android,2026-07-16,高,符合规模,标准卡,iOS规模;Web规模;定价;评论;截图,B003
PRD-077,Spicy Chat: AI boy & girl,App,角色与关系互动,AI 角色聊天/暧昧互动,角色扮演与虚拟关系用户,Android,待核验,待核验,角色卡,待核验,无,Freemium/订阅,,采集中,2026-07-16,待认领,Google Play 公开安装区间 100K+；最近更新 2025-08-30,Walking Technology,,,ai.spicy.spicychat.mate,,B004 候选核验,US,Android安装区间,100000,499999,100K+,https://play.google.com/store/apps/details?id=ai.spicy.spicychat.mate,2026-07-16,高,符合规模,标准卡,iOS规模;Web规模;活跃状态;定价;评论;截图,B004
PRD-078,Tavo,App,角色扮演前端,AI 角色扮演/多模型前端,高自由度角色扮演用户,Android,待核验,待核验,角色卡/文本,待核验,无,Freemium/订阅,,采集中,2026-07-16,待认领,Google Play 公开安装区间 100K+；最近更新 2026-07-08,Tools,,,app.bitbear.tav,,B004 候选核验,US,Android安装区间,100000,499999,100K+,https://play.google.com/store/apps/details?id=app.bitbear.tav,2026-07-16,高,符合规模,标准卡,iOS规模;Web规模;定价;评论;截图;安全,B004
PRD-079,Pink AI,App,动漫角色互动,动漫 AI 角色聊天,动漫角色与虚拟关系用户,Android,待核验,待核验,动漫角色卡,待核验,无,Freemium/订阅,,采集中,2026-07-16,待认领,Google Play 公开安装区间 100K+；最近更新 2026-04-10,EnterGames pvt,,,com.aichatwithaipeople.makefriends,,B004 候选核验,US,Android安装区间,100000,499999,100K+,https://play.google.com/store/apps/details?id=com.aichatwithaipeople.makefriends,2026-07-16,高,符合规模,标准卡,iOS规模;Web规模;活跃状态;定价;评论;截图,B004
PRD-080,Susan,App,动漫角色互动,动漫 AI 角色聊天/角色扮演,动漫角色与虚拟关系用户,Android,待核验,待核验,动漫角色卡,待核验,无,Freemium/订阅,,采集中,2026-07-16,待认领,Google Play 公开安装区间 500K+；最近更新 2026-03-03,Susan AI,,,com.airoleplaychat.aichatallworld,,B004 候选核验,US,Android安装区间,500000,999999,500K+,https://play.google.com/store/apps/details?id=com.airoleplaychat.aichatallworld,2026-07-16,高,符合规模,标准卡,iOS规模;Web规模;活跃状态;定价;评论;截图,B004
PRD-081,HoneyChat,App,关系型陪伴,AI 朋友/虚拟关系,寻求轻量日常陪伴的用户,Android,待核验,待核验,角色卡,待核验,无,Freemium/订阅,,采集中,2026-07-16,待认领,Google Play 公开安装区间 100K+；最近更新 2026-06-29,Turamcatu Semutatum,,,com.honeychat.friernd,,B004 候选核验,US,Android安装区间,100000,499999,100K+,https://play.google.com/store/apps/details?id=com.honeychat.friernd,2026-07-16,高,符合规模,标准卡,iOS规模;Web规模;定价;评论;截图,B004
PRD-082,FableAI,App,互动叙事,AI 文字冒险/RPG,互动故事与角色扮演用户,Android,待核验,待核验,文本故事,待核验,无,Freemium/订阅,,采集中,2026-07-16,待认领,Google Play 公开安装区间 100K+；最近更新 2026-07-16,Vectolab,,,com.jmsc.fableai,,B004 候选核验,US,Android安装区间,100000,499999,100K+,https://play.google.com/store/apps/details?id=com.jmsc.fableai,2026-07-16,高,符合规模,标准卡,iOS规模;Web规模;定价;评论;截图,B004
PRD-083,Dreamate,App,恋爱型陪伴,AI 伴侣/角色扮演,虚拟恋爱与角色扮演用户,Android,待核验,待核验,角色卡,待核验,无,Freemium/订阅,,采集中,2026-07-16,待认领,Google Play 公开安装区间 100K+；最近更新 2025-08-20,Random Chat Rooms Roulette,,,com.roleplaychatacter.dreamx,,B004 候选核验,US,Android安装区间,100000,499999,100K+,https://play.google.com/store/apps/details?id=com.roleplaychatacter.dreamx,2026-07-16,高,符合规模,标准卡,iOS规模;Web规模;活跃状态;定价;评论;截图,B004
PRD-084,Lizlis,App,角色与关系互动,AI 角色聊天/虚拟关系,角色扮演与陪伴用户,Android,待核验,待核验,角色卡,待核验,无,Freemium/订阅,,采集中,2026-07-16,待认领,Google Play 公开安装区间 100K+；最近更新 2026-07-12,Excellia LLC,,,ai.lizlis.app,,B004 候选核验,US,Android安装区间,100000,499999,100K+,https://play.google.com/store/apps/details?id=ai.lizlis.app,2026-07-16,高,符合规模,标准卡,iOS规模;Web规模;定价;评论;截图,B004
PRD-085,AngelAI,App,关系型陪伴,AI 角色朋友/聊天伙伴,寻求日常聊天与角色陪伴的用户,Android,待核验,待核验,角色卡,待核验,无,Freemium/订阅,,采集中,2026-07-16,待认领,Google Play 公开安装区间 100K+；最近更新 2026-02-09,Chat with Strangers Friends,,,com.angleaichatfriends.makefriends2025,,B004 候选核验,US,Android安装区间,100000,499999,100K+,https://play.google.com/store/apps/details?id=com.angleaichatfriends.makefriends2025,2026-07-16,高,符合规模,标准卡,iOS规模;Web规模;活跃状态;定价;评论;截图,B004
PRD-086,Mental,App,情绪支持型陪伴,AI 心理支持/自助对话,寻求情绪支持的成人用户,Android,待核验,待核验,无/待核验,待核验,无,Freemium/订阅,,采集中,2026-07-16,待认领,Google Play 公开安装区间 100K+；最近更新 2025-01-30,"Mental, Inc.",,,com.getmental.mental,,B004 心理支持候选核验,US,Android安装区间,100000,499999,100K+,https://play.google.com/store/apps/details?id=com.getmental.mental,2026-07-16,高,符合规模,标准卡,iOS规模;Web规模;活跃状态;定价;评论;截图;安全,B004
PRD-087,AI Therapist - Voice Chat,App,情绪支持型陪伴,语音 AI 倾听/情绪支持,偏好语音表达的成人用户,Android,待核验,有,无/待核验,待核验,无,Freemium/订阅,,采集中,2026-07-16,待认领,Google Play 公开安装区间 100K+；最近更新 2026-07-05,"Appovatia, Inc.",,,com.aimoodtracker,,B004 心理支持候选核验,US,Android安装区间,100000,499999,100K+,https://play.google.com/store/apps/details?id=com.aimoodtracker,2026-07-16,高,符合规模,标准卡,iOS规模;Web规模;定价;评论;截图;安全,B004
PRD-088,SimSimi,App,开放式聊天机器人,娱乐聊天/轻社交陪伴,大众娱乐聊天用户,"iOS;Android;Web",众包问答对/个人角色背景；长期记忆待核验,网站角色发现与传统聊天；主动消息待核验,固定 SimSimi/UGC 角色卡,评论请求语音；当前待核验,无,广告+订阅+Boost 虚拟币,https://simsimi.com/en,已核验（官方；体验待独立验证）,2026-07-17,待认领,"Google Play 100M+、约 4.2 分与 4.16M 评论；经典 Everyone's SimSimi 由大量用户共同教导，当前官网又加入 UGC 角色发现、创建和 Boost，形成从大众娱乐机器人向角色平台迁移的双重结构",SimSimi Inc.,韩国,375239755,com.ismaker.android.simsimi,https://simsimi.com/en,B004 传统聊天产品补录,"US;全球",Android安装区间,100000000,499999999,100M+,https://play.google.com/store/apps/details?id=com.ismaker.android.simsimi&hl=en_US&gl=US,2026-07-17,高,符合规模,重点,"长期记忆;角色平台迁移;Boost成本;评论;安全;内容治理",B004
PRD-089,AI Tales,App,互动叙事,AI 地牢故事/RPG,互动故事与冒险用户,Android,待核验,待核验,文本故事,待核验,无,Freemium/订阅,,采集中,2026-07-16,待认领,Google Play 公开安装区间 100K+；最近更新 2026-07-04,Dmytro Ishchenko,,,com.feynmanapps.aitales,,B004 互动叙事候选核验,US,Android安装区间,100000,499999,100K+,https://play.google.com/store/apps/details?id=com.feynmanapps.aitales,2026-07-16,高,符合规模,标准卡,iOS规模;Web规模;定价;评论;截图,B004
PRD-090,Caveduck,App,角色平台,AI 朋友/角色扮演/UGC,角色探索、长回复和虚拟关系用户,"iOS;Android;Web",适应风格/具体记忆待核验,待核验,角色卡,亲密度标签/日常登录,无,Freemium+虚拟币+订阅,https://caveduck.io/,采集中,2026-07-17,待认领,"Android 100K+、约 3.1 分与 776 评论；官方称有 40,000+ 角色和自由对话，评论认可长回复、适应性与亲密度标签，也指出导航和长聊付费摩擦",Warp Space Inc,韩国,6670697577,com.warpspace.caveduckaos,https://caveduck.io/,B004 区域角色平台核验+App Store 复核,"US;KR;全球",Android安装区间,100000,499999,100K+,https://play.google.com/store/apps/details?id=com.warpspace.caveduckaos,2026-07-17,高,符合规模,重点,"记忆结构;亲密度作用;虚拟币消耗;安全边界;账号内截图",B004
PRD-091,JanitorAI,App,Web 角色平台,UGC 角色聊天/角色扮演/创作框架,高自由度长篇角色扮演和高级提示用户,Web,上下文+提示+脚本/lorebook,待核验,角色卡,Follow/Favorites/热门榜,无,首方 JLLM+外部代理/成本待核验,https://janitorai.com/,已核验（官方；体验待独立验证）,2026-07-17,待认领,"官网当前公开 15M+ 用户，热门角色单项显示数千万聊天；帮助中心覆盖 JLLM、外部代理、OpenRouter、自定义提示、脚本、触发器和 lorebooks，形成高自由度但高学习成本的创作工具链",JanitorAI,,,,https://janitorai.com/,B004 Web-only 战略扫描,全球,公开用户数/MAU,15000000,,15M+ users,https://janitorai.com/,2026-07-17,高,符合规模,重点,"当前活跃口径;JLLM额度;外部代理成本;上下文上限;安全与隐私;账号内截图",B004
PRD-092,CrushOn.AI,App,Web 角色平台,AI 角色聊天/虚拟关系,成人角色扮演与虚拟关系用户,Web,待核验,待核验,角色卡,待核验,无,Freemium/订阅,https://crushon.ai/,已核验（官方；体验待独立验证）,2026-07-16,待认领,与 PRD-077 的 Android 同名近似产品分开记录；公开用户规模待核验,CrushOn.AI,,,,https://crushon.ai/,B004 Web-only 战略扫描,全球,未知,,,公开规模待核验,https://crushon.ai/,2026-07-16,低,规模待核验,标准卡,Web规模;定价;评论;截图;安全,B004
PRD-093,SpicyChat,App,Web 角色平台,AI 角色聊天/角色扮演,成人角色扮演与虚拟关系用户,Web,待核验,待核验,角色卡,待核验,无,Freemium/订阅,https://spicychat.ai/,已核验（官方；体验待独立验证）,2026-07-16,待认领,与 PRD-077 的 Android 产品分开记录；官方网页产品规模待核验,SpicyChat AI,,,,https://spicychat.ai/,B004 Web-only 战略扫描,全球,未知,,,公开规模待核验,https://spicychat.ai/,2026-07-16,低,规模待核验,标准卡,Web规模;定价;评论;截图;安全,B004
PRD-094,Candy.ai,App,Web 虚拟伴侣,AI 女友/男友与多模态互动,成人虚拟关系用户,Web,待核验,有,角色图像,待核验,无,Freemium/订阅,https://candy.ai/,已核验（官方；体验待独立验证）,2026-07-16,待认领,官方首页核验虚拟伴侣定位；公开用户规模待核验,Candy AI,,,,https://candy.ai/,B004 Web-only 战略扫描,全球,未知,,,公开规模待核验,https://candy.ai/,2026-07-16,低,规模待核验,标准卡,Web规模;定价;评论;截图;安全,B004
PRD-095,Muah AI,App,Web 虚拟伴侣,AI 伴侣/文字语音图像互动,成人虚拟关系用户,Web,待核验,有,角色图像,待核验,无,Freemium/订阅,https://muah.ai/,已核验（官方；体验待独立验证）,2026-07-16,待认领,官方首页核验多模态 AI 伴侣定位；公开用户规模待核验,Muah AI,,,,https://muah.ai/,B004 Web-only 战略扫描,全球,未知,,,公开规模待核验,https://muah.ai/,2026-07-16,低,规模待核验,标准卡,Web规模;定价;评论;截图;安全,B004
PRD-096,Kuki,App,Web 聊天角色,娱乐型 AI 聊天/品牌角色,大众娱乐聊天与品牌互动用户,Web,待核验,待核验,固定 Avatar,待核验,无,订阅/服务,https://www.kuki.ai/,已核验（官方；体验待独立验证）,2026-07-16,待认领,官方首页将 Kuki 定位为面向人类的 AI 大脑与数字角色；公开活跃规模待核验,ICONIQ AI,,,,https://www.kuki.ai/,B004 传统 Web 聊天产品补录,全球,未知,,,公开规模待核验,https://www.kuki.ai/,2026-07-16,低,规模待核验,标准卡,Web规模;定价;评论;截图;活跃状态,B004
PRD-097,Loona,硬件,轮式 AI 宠物,宠物式陪伴/家庭互动,家庭、儿童与桌面机器人爱好者,AI宠物+App,有（官方自述；待独立验证）,有,实体机器人/屏幕表情/视觉识别,有,AI宠物,一次性硬件+持续服务,https://keyirobot.com/en-us/products/petbot,已核验（官方；体验待独立验证）,2026-07-17,待认领,"美国官网当前 Loona Petbot Premium 售价 $429（划线 $529）；Google Play 100K+；配套 App 稳定性和长期记忆待实测",KEYi Tech,,1615527592,com.keyitech.loona,https://keyirobot.com/en-us/products/petbot,B004 硬件战略扫描,"US;全球",Android安装区间,100000,499999,100K+,https://play.google.com/store/apps/details?id=com.keyitech.loona&hl=en_US&gl=US,2026-07-17,高,符合规模,重点,"iOS规模;安全;活跃状态",B004
PRD-098,EMO,硬件,桌面 AI 宠物,宠物式陪伴/桌面互动,桌面机器人与数字宠物用户,AI宠物+App,有（成长/人格自述；事实记忆待核验）,有,实体机器人/屏幕表情/人脸识别,有,桌面设备,硬件+配套服务,https://living.ai/emo/,已核验（官方；体验待独立验证）,2026-07-17,待认领,"官方当前 EMO 套装售价 $279，含机器人、滑板和智能灯；App Store 当前条目已核验，Android 对应包当前返回 404",LivingAI,,1536137388,,https://living.ai/emo/,B004 硬件战略扫描,"US;全球",未知,,,公开出货量待核验,https://living.ai/emo/,2026-07-17,低,规模待核验,重点,"iOS规模;安全;活跃状态",B004
PRD-099,Eilik,硬件,桌面情绪机器人,非语言宠物式陪伴/多机互动,桌面陪伴与礼品用户,AI宠物+App,无/待核验,有限/待核验,实体机器人/表情动作,有,桌面设备,硬件+配套服务,https://store.energize-lab.com/products/eilik,已核验（官方；体验待独立验证）,2026-07-16,待认领,官方页面核验情绪表达与桌面互动定位；出货量待核验,Energize Lab,,,,https://store.energize-lab.com/products/eilik,B004 硬件战略扫描,全球,未知,,,公开出货量待核验,https://store.energize-lab.com/products/eilik,2026-07-16,低,规模待核验,标准卡,定价;评论;截图;安全;活跃状态,B004
PRD-100,AIBI Pocket,硬件,口袋 AI 宠物,随身宠物式陪伴/语音助手,随身机器人与数字宠物用户,AI宠物+App,弱（人脸识别；长期记忆待核验）,有,口袋实体/屏幕表情/摄像头,有,AI宠物,一次性硬件+持续服务,https://living.ai/aibi/,已核验（官方；体验待独立验证）,2026-07-17,待认领,"官方当前售价 $249；支持人脸识别、拍照、离线指令、在线 ChatGPT 问答、天气动画和提醒；论坛反馈显示固件与蓝牙稳定性仍需实测",LivingAI,,,,https://living.ai/aibi/,B004 硬件战略扫描,"US;全球",未知,,,公开出货量待核验,https://living.ai/aibi/,2026-07-17,低,规模待核验,重点,"iOS规模;Android规模;安全;活跃状态",B004
PRD-101,Ropet,硬件,毛绒 AI 宠物,情绪陪伴/多模态宠物互动,偏好触觉与宠物式陪伴的用户,AI宠物+App,有（成长阶段/称呼；待独立验证）,有,毛绒实体/动作表情/摄像头,有,AI宠物,硬件+配套服务,https://ropetai.com/products/ropet%E2%84%A2-ai-comfort-companion-plush-robot,已核验（官方；体验待独立验证）,2026-07-17,待认领,"官方当前基础款促销价 $349（常规价 $469）；Google Play 1K+、约 3.9 分与 37 条评论；因独特触觉机制保留为重点，不以规模入选",Ropet AI,,6744607623,com.ropet.domon,https://ropetai.com/,B004 硬件战略扫描,"US;全球",Android安装区间,1000,4999,1K+,https://play.google.com/store/apps/details?id=com.ropet.domon&hl=en_US&gl=US,2026-07-17,高,候选,重点,"iOS规模;安全;活跃状态",B004
