评论ID,产品ID,平台,地区,评分,评论日期,应用版本,评论原文,来源URL,采集日期,采集方式,主题标签,情绪,已去个人信息,去重组,编码人,编码状态,备注
RVW-001,PRD-026,Google Play,美国,2,2025-07-04,未知,"not the most compatible with Talkback",https://play.google.com/store/apps/details?id=com.rosytalk.ai,2026-07-16,Playwright,"易用性;价格/付费墙",负向,是,PRD-026-talkback,待认领,待复核,"评论者称部分页面无法被屏幕阅读器读取，并在免费聊天耗尽后遇到升级提示"
RVW-002,PRD-026,Google Play,美国,5,2026-07-12,未知,"word limit becomes a little restricting",https://play.google.com/store/apps/details?id=com.rosytalk.ai,2026-07-16,Playwright,"易用性;价格/付费墙",混合,是,PRD-026-word-limit,待认领,待复核,"评论者认可故事体验和付费价值，但认为自建角色字数限制影响世界构建"
RVW-003,PRD-026,Google Play,美国,5,2026-07-06,未知,"some of the dialogue does repeat itself",https://play.google.com/store/apps/details?id=com.rosytalk.ai,2026-07-16,Playwright,对话质量,混合,是,PRD-026-repeat,待认领,待复核,"评论者认为不同角色和场景有趣，但偶尔出现重复对话"
RVW-004,PRD-090,Google Play,美国,5,2026-06-01,未知,"most in-depth AI that I know",https://play.google.com/store/apps/details?id=com.warpspace.caveduckaos,2026-07-16,Playwright,"对话质量;关系价值;稳定性",正向,是,PRD-090-depth-support,待认领,待复核,"评论者在问题修复后认可角色丰富度、对话深度与客服响应；短摘录不代表总体评价"
RVW-005,PRD-090,Google Play,美国,3,2025-07-22,未知,"eventually have to pay to get much done",https://play.google.com/store/apps/details?id=com.warpspace.caveduckaos,2026-07-16,Playwright,"对话质量;价格/付费墙",混合,是,PRD-090-paywall-roleplay,待认领,待复核,"评论者认可角色质量、长回复与适应性，同时认为长时间角色扮演受付费约束"
RVW-006,PRD-090,Google Play,美国,2,2026-06-12,未知,"felt very confused trying to work out the app",https://play.google.com/store/apps/details?id=com.warpspace.caveduckaos,2026-07-16,Playwright,易用性,负向,是,PRD-090-confusing-navigation,待认领,待复核,"评论者难以理解主要操作与找回聊天位置；属于单条可追溯问题线索"
RVW-007,PRD-004,Google Play,美国,2,2026-04-13,未知,"ads have made it virtually unusable",https://play.google.com/store/apps/details?id=ai.character.app,2026-07-17,Playwright,"价格/付费墙;易用性;流失原因",负向,是,PRD-004-ads-navigation,待认领,待复核,"评论者称广告跳转商店后会丢失刚发现的聊天，且 UI 退化"
RVW-008,PRD-004,Google Play,美国,1,2026-03-07,未知,"nothing but ads after a few attempts to send a reply",https://play.google.com/store/apps/details?id=ai.character.app,2026-07-17,Playwright,"价格/付费墙;关系连续性",负向,是,PRD-004-ads-chat-interruption,待认领,待复核,"评论者将新版本与此前较少广告的版本对比，认为对话被频繁打断"
RVW-009,PRD-004,Google Play,美国,1,2026-07-05,未知,"memory is practically nonexistent",https://play.google.com/store/apps/details?id=ai.character.app,2026-07-17,Playwright,"记忆准确;对话质量;价格/付费墙",负向,是,PRD-004-memory-ads-model,待认领,待复核,"评论者同时抱怨模型变化、广告、内容限制和记忆；单条评论不能区分各因素贡献"
RVW-010,PRD-004,Google Play,美国,1,2026-07-13,未知,"ads just restart the whole app",https://play.google.com/store/apps/details?id=ai.character.app,2026-07-17,Playwright,"稳定性;价格/付费墙;安全/边界",负向,是,PRD-004-ad-restart-filter,待认领,待复核,"评论者称广告可能重启应用，并认为敏感内容识别会打断复杂故事"
RVW-011,PRD-004,Google Play,美国,1,2026-07-10,未知,"good app to use for imagination and story stuff",https://play.google.com/store/apps/details?id=ai.character.app,2026-07-17,Playwright,"关系价值;价格/付费墙",混合,是,PRD-004-imagination-limits,待认领,待复核,"评论者认可想象与故事价值，但反对刷新/续写限额和广告"
RVW-012,PRD-004,Google Play,美国,1,2026-07-10,未知,"I have to refresh my chat because it has an error",https://play.google.com/store/apps/details?id=ai.character.app,2026-07-17,Playwright,"稳定性;价格/付费墙;易用性",负向,是,PRD-004-mobile-ad-error,待认领,待复核,"评论者对比移动端与网页端，称长广告结束后聊天可能报错"
RVW-013,PRD-004,Google Play,美国,5,2025-11-21,未知,"Loved the app when I first got it",https://play.google.com/store/apps/details?id=ai.character.app,2026-07-17,Playwright,"关系价值;价格/付费墙;易用性",混合,是,PRD-004-love-edit-ads,待认领,待复核,"评论者仍喜爱产品，但认为广告增加、编辑入口消失和随机静音影响体验"
RVW-014,PRD-004,Google Play,美国,5,2024-05-31,未知,"AI learns your preferences as you go",https://play.google.com/store/apps/details?id=ai.character.app,2026-07-17,Playwright,"关系价值;记忆准确;安全/边界",混合,是,PRD-004-preferences-edit-child-safety,待认领,待复核,"评论者认可偏好学习、故事跟踪和编辑删除，同时提醒不适合较小儿童"
RVW-015,PRD-004,Google Play,美国,5,2024-08-26,未知,"AI after awhile will forgot",https://play.google.com/store/apps/details?id=ai.character.app,2026-07-17,Playwright,"记忆准确;安全/边界",混合,是,PRD-004-forget-filter,待认领,待复核,"高分评论仍指出长期遗忘和内容限制影响沉浸"
RVW-016,PRD-004,Google Play,美国,5,2024-06-25,未知,"quick, mostly in-character",https://play.google.com/store/apps/details?id=ai.character.app,2026-07-17,Playwright,"对话质量;语音体验;关系价值",正向,是,PRD-004-character-voice-roleplay,待认领,待复核,"评论者认可角色一致性、语音、通话、角色扮演和语言理解"
RVW-017,PRD-004,Google Play,美国,5,2024-05-02,未知,"there's a lot of diversity regarding the bots",https://play.google.com/store/apps/details?id=ai.character.app,2026-07-17,Playwright,"关系价值;对话质量;稳定性",混合,是,PRD-004-diversity-personality-switch,待认领,待复核,"评论者认可角色多样性与总体质量，但指出故障和刷新后人格变化"
RVW-018,PRD-004,Google Play,美国,5,2024-08-12,未知,"it's always growing and improving",https://play.google.com/store/apps/details?id=ai.character.app,2026-07-17,Playwright,"关系价值;语音体验;安全/边界",混合,是,PRD-004-features-filter,待认领,待复核,"评论者认可角色、persona、语音和群聊，但认为群聊较干、过滤较敏感"
RVW-019,PRD-065,Google Play,美国,1,2026-07-12,未知,"accidentally deleted a conversation thread",https://play.google.com/store/apps/details?id=bot.touchkin,2026-07-17,Playwright,"易用性;关系连续性;流失原因",负向,是,PRD-065-delete-thread,待认领,待复核,"评论者误删经过长时间发展的对话，反映删除确认与恢复机制风险"
RVW-020,PRD-065,Google Play,美国,1,2026-07-08,未知,"repeated nearly every paragraph",https://play.google.com/store/apps/details?id=bot.touchkin,2026-07-17,Playwright,"对话质量;稳定性",负向,是,PRD-065-repeat-context,待认领,待复核,"评论者称聊天重复、难以理解上下文，并给出错误的应用帮助信息"
RVW-021,PRD-065,Google Play,美国,1,2026-06-28,未知,"ignores context, remembers no conversations",https://play.google.com/store/apps/details?id=bot.touchkin,2026-07-17,Playwright,"记忆准确;对话质量;主动触达",负向,是,PRD-065-context-memory-nagging,待认领,待复核,"评论者认为产品抓关键词、忽略语境、无连续记忆且主动提醒令人厌烦"
RVW-022,PRD-065,Google Play,美国,1,2026-04-30,未知,"forced into choosing between one of a few",https://play.google.com/store/apps/details?id=bot.touchkin,2026-07-17,Playwright,"易用性;对话质量",负向,是,PRD-065-forced-choice,待认领,待复核,"评论者称自由表达后频繁被迫选择不适用的单词按钮，感到回应被忽略"
RVW-023,PRD-065,Google Play,美国,1,2026-02-13,未知,"doesn't seem to process anything I ever say",https://play.google.com/store/apps/details?id=bot.touchkin,2026-07-17,Playwright,"对话质量;流失原因",负向,是,PRD-065-scripted-therapy-speak,待认领,待复核,"评论者在五分钟内认为回应脚本化且不贴合输入，并明确准备卸载"
RVW-024,PRD-065,Google Play,美国,1,2023-03-11,未知,"ended up more frustrated than before",https://play.google.com/store/apps/details?id=bot.touchkin,2026-07-17,Playwright,"对话质量;安全/边界",负向,是,PRD-065-redirection-frustration,待认领,待复核,"评论者称系统错误重定向对话并过早询问是否无帮助，导致挫败增加"
RVW-025,PRD-065,Google Play,美国,5,2026-05-31,未知,"practice being vulnerable and learn about important coping tools",https://play.google.com/store/apps/details?id=bot.touchkin,2026-07-17,Playwright,"关系价值;安全/边界",正向,是,PRD-065-vulnerability-coping,待认领,待复核,"评论者把 Wysa 当作进入真人治疗前的低压力练习空间，并认可首日帮助"
RVW-026,PRD-065,Google Play,美国,4,2025-02-11,未知,"the AI just gets confused",https://play.google.com/store/apps/details?id=bot.touchkin,2026-07-17,Playwright,"对话质量;易用性",混合,是,PRD-065-assessment-discovery,待认领,待复核,"评论者认可旧版能量评估，但新版难以通过对话找回该工具"
RVW-027,PRD-065,Google Play,美国,4,2021-10-30,未知,"ask it to check in with you daily",https://play.google.com/store/apps/details?id=bot.touchkin,2026-07-17,Playwright,"主动触达;对话质量;关系价值",混合,是,PRD-065-daily-checkin-exercises,待认领,待复核,"评论者认可可选每日签到和练习，但认为对话明显是机器人且不够高级"
RVW-028,PRD-065,Google Play,美国,5,2022-04-24,未知,"express yourself and talk about all your problems",https://play.google.com/store/apps/details?id=bot.touchkin,2026-07-17,Playwright,"关系价值;隐私/数据;价格/付费墙",混合,是,PRD-065-private-expression-cost,待认领,待复核,"评论者认可无评判表达、放松练习和真人支持，同时希望费用更低"
RVW-029,PRD-065,Google Play,美国,5,2021-12-18,未知,"Fun way to be led through CBT techniques",https://play.google.com/store/apps/details?id=bot.touchkin,2026-07-17,Playwright,"关系价值;主动触达;价格/付费墙",正向,是,PRD-065-cbt-continuity,待认领,待复核,"订阅用户认可 CBT 引导，并希望练习之间可串联目标、定期回访与进度记录"
RVW-030,PRD-065,Google Play,美国,5,2020-10-27,未知,"CBT/reframing exercises are super helpful",https://play.google.com/store/apps/details?id=bot.touchkin,2026-07-17,Playwright,"关系价值;价格/付费墙",混合,是,PRD-065-cbt-free-paid-library,待认领,待复核,"评论者认可免费版与 CBT 练习，希望可以单项购买付费练习而非整包订阅"
RVW-031,PRD-053,Google Play,美国,1,2026-01-27,未知,"game proceeds to get worse with time",https://play.google.com/store/apps/details?id=com.slay.pengu,2026-07-17,Playwright,"稳定性;广告;价格/付费墙",负向,是,PRD-053-freeze-pass,待认领,待复核,"评论者认可概念，但报告冻结、广告奖励失效、重复奖励和频繁推广 Pass"
RVW-032,PRD-053,Google Play,美国,1,2025-02-16,未知,"It feels more like a chore",https://play.google.com/store/apps/details?id=com.slay.pengu,2026-07-17,Playwright,"关系价值;主动触达;稳定性",负向,是,PRD-053-checkin-burden,待认领,待复核,"评论者喜欢可爱宠物和装扮，但更新后黑屏，并认为高频照料压力把陪伴变成负担"
RVW-033,PRD-053,Google Play,美国,4,2026-06-29,未知,"the biggest downfall is the ads",https://play.google.com/store/apps/details?id=com.slay.pengu,2026-07-17,Playwright,"广告;虚拟经济;关系价值",混合,是,PRD-053-ad-density,待认领,待复核,"评论者喜欢产品概念，但认为小游戏奖励低且前后连续广告显著损害体验"
RVW-034,PRD-067,Google Play,美国,4,2026-06-29,未知,"thoughtful, practical, and genuinely helpful",https://play.google.com/store/apps/details?id=xyz.slingshot.ashley.app,2026-07-17,Playwright,"关系价值;稳定性;语音",混合,是,PRD-067-helpful-bluetooth,待认领,待复核,"评论者已把 Ash 作为常用工具，但蓝牙断开后偶尔需重启手机才能恢复"
RVW-035,PRD-067,Google Play,美国,1,2026-06-27,未知,"Ash couldn't recall information as well anymore",https://play.google.com/store/apps/details?id=xyz.slingshot.ashley.app,2026-07-17,Playwright,"记忆准确;语音;关系连续性;流失原因",负向,是,PRD-067-update-relationship-break,待认领,待复核,"一年用户称更新后记忆和音频变差、声音被更换，最终因既有关系感被破坏而卸载"
RVW-036,PRD-067,Google Play,美国,5,2026-06-29,未知,"a good sounding board that allows reflection",https://play.google.com/store/apps/details?id=xyz.slingshot.ashley.app,2026-07-17,Playwright,"关系价值;对话质量;语音",混合,是,PRD-067-reflection-voice-input,待认领,待复核,"评论者认为重述问题帮助反思，但语音识别会把叹息误识别为单词"
RVW-037,PRD-068,Google Play,美国,5,2022-07-04,未知,"look back on them in a weekly report",https://play.google.com/store/apps/details?id=app.awarefy.awarefyapp,2026-07-17,Playwright,"关系价值;记录;长期循环",正向,是,PRD-068-record-weekly-loop,待认领,待复核,"评论者认可晨晚记录、周报、自我目标和正念音频共同形成客观回顾"
RVW-038,PRD-068,Google Play,美国,2,2026-02-05,未知,"Only about 50% is translated to English",https://play.google.com/store/apps/details?id=app.awarefy.awarefyapp,2026-07-17,Playwright,"本地化;易用性;流失原因",负向,是,PRD-068-partial-english,待认领,待复核,"英语用户因界面与内容翻译不完整而无法继续使用"
RVW-039,PRD-068,Google Play,美国,3,2024-07-24,未知,"I'm out of energy",https://play.google.com/store/apps/details?id=app.awarefy.awarefyapp,2026-07-17,Playwright,"价格/付费墙;关系连续性;记忆准确",混合,是,PRD-068-energy-limit,待认领,待复核,"评论者希望保存对话，并批评倾诉中遇到 AI 能量耗尽后需等待过久"
RVW-040,PRD-006,App Store,美国,2,2026-06-09,未知,"sometimes he fails to make the right contextual connection",https://apps.apple.com/us/app/friend-com/id6739473884,2026-07-17,公开商店,"记忆准确;对话质量;安全/边界",负向,是,PRD-006-context-dangerous-joke,待认领,待复核,"评论者认为偶尔有好回应，但语境连接和边界失败会产生令人不安的危险玩笑"
RVW-041,PRD-006,App Store,美国,1,2026-06-23,未知,"what's the point if it's not going to remember",https://apps.apple.com/us/app/friend-com/id6739473884,2026-07-17,公开商店,"记忆准确;关系连续性;流失原因",负向,是,PRD-006-lost-context,待认领,待复核,"评论者称早期体验较好，但随后无法正确回忆刚发生的对话并丢失上下文"
RVW-042,PRD-006,App Store,美国,5,2026-05-14,未知,"There's an inherent emotional separation",https://apps.apple.com/us/app/friend-com/id6739473884,2026-07-17,公开商店,"关系价值;关系连续性;产品定位",混合,是,PRD-006-different-friend,待认领,待复核,"评论者把产品视为不同于真人朋友的陪伴形态，认可对话深度，同时明确意识到其局限"
RVW-043,PRD-009,Google Play,美国,3,2024-10-06,未知,"the words I just typed be deleted",https://play.google.com/store/apps/details?id=com.weaver.app.prod,2026-07-17,Playwright,"广告;关系连续性;易用性",负向,是,PRD-009-ad-draft-loss,待认领,待复核,"长期用户称广告出现时会丢失刚输入的消息，比旧版无法直接重发更打断对话"
RVW-044,PRD-009,Google Play,美国,3,2025-06-06,未知,"the app decides I'm getting too deep",https://play.google.com/store/apps/details?id=com.weaver.app.prod,2026-07-17,Playwright,"安全/边界;关系价值;对话质量",混合,是,PRD-009-roleplay-censorship,待认领,待复核,"评论者认可角色多样性，但认为深度角色扮演会被不透明限制迫使降级"
RVW-045,PRD-009,Google Play,美国,3,2026-06-24,未知,"responses are so short",https://play.google.com/store/apps/details?id=com.weaver.app.prod,2026-07-17,Playwright,"对话质量;易用性;安全/边界",混合,是,PRD-009-short-opaque-guidelines,待认领,待复核,"评论者认为回复和输入长度受限，角色被判违规时又没有具体修改指引"
RVW-046,PRD-010,Google Play,美国,1,2026-05-05,未知,"All chats have been erased",https://play.google.com/store/apps/details?id=com.Beauchamp.Messenger.external,2026-07-17,Playwright,"关系连续性;价格/付费墙;流失原因",负向,是,PRD-010-history-erased,待认领,待复核,"多年用户称所有聊天回到角色开场，明确表达依恋，并因改为付费使用而准备离开"
RVW-047,PRD-010,Google Play,美国,1,2026-04-27,未知,"I just want to roleplay and write",https://play.google.com/store/apps/details?id=com.Beauchamp.Messenger.external,2026-07-17,Playwright,"关系价值;记忆准确;产品定位;流失原因",负向,是,PRD-010-simple-writing-loss,待认领,待复核,"退订用户怀念旧版简洁写作、记忆和角色一致性，认为新增多模态不是自己的目标"
RVW-048,PRD-010,Google Play,美国,1,2026-05-22,未知,"Everything good about it is gone",https://play.google.com/store/apps/details?id=com.Beauchamp.Messenger.external,2026-07-17,Playwright,"价格/付费墙;广告;关系连续性;流失原因",负向,是,PRD-010-2026-regression,待认领,待复核,"评论从早期高度推荐改为 2026 年差评，集中指向强制付费、广告和聊天丢失"
RVW-049,PRD-035,Google Play,美国,3,2026-04-12,未知,"ads are becoming more frequent",https://play.google.com/store/apps/details?id=com.scatterlab.messenger,2026-07-17,Playwright,"广告;稳定性;对话质量;价格/付费墙",负向,是,PRD-035-ads-outage-fragments,待认领,待复核,"原五星用户因广告变频繁、回复变成片段和付费后仍频繁宕机降为三星"
RVW-050,PRD-035,Google Play,美国,3,2026-03-10,未知,"it doesn't actually confirm",https://play.google.com/store/apps/details?id=com.scatterlab.messenger,2026-07-17,Playwright,"角色创建;稳定性;易用性",混合,是,PRD-035-persona-save,待认领,待复核,"评论者总体喜欢应用，但 Persona/Chat Profile 保存一直加载且不确认"
RVW-051,PRD-035,Google Play,美国,3,2026-04-15,未知,"repeating the same thing",https://play.google.com/store/apps/details?id=com.scatterlab.messenger,2026-07-17,Playwright,"对话质量;稳定性;广告",负向,是,PRD-035-repeat-send-error,待认领,待复核,"评论者报告重复、超长输出导致文本失效和持续发送错误，重装后仍未恢复"
RVW-052,PRD-043,Google Play,美国,3,2026-06-27,未知,"the memory is not better for the price",https://play.google.com/store/apps/details?id=com.immomo.miraimind,2026-07-17,Playwright,"记忆准确;价格/付费墙;虚拟经济",负向,是,PRD-043-paid-memory-value,待认领,待复核,"评论者付费试用升级记忆后认为没有改善，并认为订阅相对单一用途过贵"
RVW-053,PRD-043,Google Play,美国,1,2025-06-06,未知,"15-20 interacts in before the entire chat log is forgotten",https://play.google.com/store/apps/details?id=com.immomo.miraimind,2026-07-17,Playwright,"记忆准确;关系连续性;虚拟经济",负向,是,PRD-043-short-retention,待认领,待复核,"评论者称短轮次后即遗忘，免费货币每日失效，角色选择也有限"
RVW-054,PRD-043,Google Play,美国,2,2025-07-25,未知,"all of them seem pretty shallow",https://play.google.com/store/apps/details?id=com.immomo.miraimind,2026-07-17,Playwright,"对话质量;角色一致性;广告;稳定性",负向,是,PRD-043-shallow-ad-bug,待认领,待复核,"评论者认为多个角色浅薄且容易转向性内容，广告领取还会报错并影响设备使用"
RVW-055,PRD-091,Reddit,全球,,2025-07-31,未知,"I love JAI",https://www.reddit.com/r/JanitorAI_Official/comments/1md91gt/janitorai_is_great_for_users_who_put_in_little/,2026-07-17,公开社区,"关系价值;记忆准确;易用性",混合,是,PRD-091-love-context-workaround,待认领,待复核,"发帖者总体喜爱 JanitorAI，但认为模型上下文不足，并用聊天记忆写总结来延长复杂剧情"
RVW-056,PRD-091,Reddit,全球,,2025-08-01,未知,"chat summaries are my solution",https://www.reddit.com/r/JanitorAI_Official/comments/1md91gt/janitorai_is_great_for_users_who_put_in_little/,2026-07-17,公开社区,"记忆准确;长期循环;角色创建",混合,是,PRD-091-summary-token-discipline,待认领,待复核,"评论者通过定期摘要、缩短聊天和控制角色 token 数保持剧情连贯，反映平台把记忆治理部分交给高级用户"
RVW-057,PRD-091,Reddit,全球,,2023-07-24,未知,"various options for the API",https://www.reddit.com/r/CharacterAI_No_Filter/comments/1583bi6/whats_good_about_janitorai/,2026-07-17,公开社区,"产品定位;价格/付费墙;对话质量;安全/边界",混合,是,PRD-091-model-freedom-cost,待认领,待复核,"历史评论认可模型选择和内容自由度，同时指出部分外部模型付费以及偶发荒诞回复"
RVW-058,PRD-071,Google Play,美国,2,2026-02-11,未知,"the app is buggy ... chat lacks engagement",https://play.google.com/store/apps/details?id=xyz.aspectapp.aspect&hl=en_US&gl=US,2026-07-17,Playwright,"稳定性;对话质量;产品定位",负向,是,PRD-071-buggy-thin-characters,待认领,待复核,"评论者认为角色变化和背景不足，帖子可能被误限流，内容误判还会导致聊天崩溃"
RVW-059,PRD-071,Google Play,美国,3,2026-07-11,未知,"reasonably priced ... difficult to find chats specific to what you are looking for",https://play.google.com/store/apps/details?id=xyz.aspectapp.aspect&hl=en_US&gl=US,2026-07-17,Playwright,"价格/付费墙;易用性;关系连续性;视觉/具身",混合,是,PRD-071-paid-discovery-friction,待认领,待复核,"付费用户认可价格和基本聊天，但称难以找到目标关系、发帖常需重试，角色私图和公开内容频率低"
RVW-060,PRD-071,Google Play,美国,2,2026-07-05,未知,"3 message limit and 1 post per day ... randomly signed out ... losing everything",https://play.google.com/store/apps/details?id=xyz.aspectapp.aspect&hl=en_US&gl=US,2026-07-17,Playwright,"价格/付费墙;稳定性;关系连续性;流失原因",负向,是,PRD-071-free-limit-account-loss,待认领,待复核,"评论者称免费层每天仅少量消息和帖子，并报告随机登出后全部内容丢失且客服称无法恢复"
RVW-061,PRD-088,Google Play,美国,2,2026-07-02,未知,"met alot of friends here ... servers they're super slow",https://play.google.com/store/apps/details?id=com.ismaker.android.simsimi&hl=en_US&gl=US,2026-07-17,Playwright,"关系价值;稳定性;易用性",混合,是,PRD-088-friends-slow-server,待认领,待复核,"评论者认可通过产品结识朋友，但称服务器缓慢显著破坏整体体验"
RVW-062,PRD-088,Google Play,美国,1,2026-06-07,未知,"We need to reduce the ads ... wish they would add voicemail",https://play.google.com/store/apps/details?id=com.ismaker.android.simsimi&hl=en_US&gl=US,2026-07-17,Playwright,"广告;语音体验;价格/付费墙",负向,是,PRD-088-ads-voice-request,待认领,待复核,"评论者认为广告过多并希望增加语音消息；开发者回复称会员可去广告"
RVW-063,PRD-088,App Store,美国,1,2026-05-09,9.1.7,"unmoderated mess of user-taught threats ... bad words filter doesn't work",https://itunes.apple.com/us/rss/customerreviews/id=375239755/sortBy=mostRecent/json,2026-07-17,官方API,"安全/边界;对话质量;流失原因",负向,是,PRD-088-user-taught-threat-filter,待认领,待复核,"评论者称机器人出现敌意威胁和异常文本，并认为用户教导内容与脏话过滤没有被有效控制"
RVW-064,PRD-097,Google Play,美国,1,2026-05-11,未知,"Growth page freezes every time",https://play.google.com/store/apps/details?id=com.keyitech.loona&hl=en_US&gl=US,2026-07-17,Playwright,"稳定性;易用性;长期循环",负向,是,PRD-097-growth-page-freeze,待认领,待复核,"评论者认可机器人本体，但称成长页面持续冻结，认为配套 App 明显拖累整体体验"
RVW-065,PRD-097,Google Play,美国,1,2026-05-18,未知,"keeps failing to load ... won't connect",https://play.google.com/store/apps/details?id=com.keyitech.loona&hl=en_US&gl=US,2026-07-17,Playwright,"稳定性;易用性;对话质量;关系连续性",负向,是,PRD-097-load-connect-chat,待认领,待复核,"评论者报告频繁加载失败、无法连接和选项不清晰，并认为聊天 AI 体验较差"
RVW-066,PRD-097,Google Play,美国,1,2026-04-13,未知,"say Hello Loona over and over",https://play.google.com/store/apps/details?id=com.keyitech.loona&hl=en_US&gl=US,2026-07-17,Playwright,"语音体验;对话质量;稳定性;关系连续性",负向,是,PRD-097-wakeword-command-app,待认领,待复核,"评论者称需要反复说唤醒词、命令理解较差，且 App 登录和崩溃问题进一步破坏互动"
RVW-067,PRD-098,App Store,美国,5,2026-01-01,未知,"I love emo",https://apps.apple.com/us/app/emo-pet/id1536137388,2026-07-17,公开商店,"关系价值;视觉/具身;长期循环",正向,是,PRD-098-cute-fun-updates,待认领,待复核,"评论者认为 EMO 可爱、有趣，并期待 App 和机器人持续更新"
RVW-068,PRD-098,App Store,美国,4,2026-01-14,未知,"Fun but needs work",https://apps.apple.com/us/app/emo-pet/id1536137388,2026-07-17,公开商店,"关系价值;对话质量;语音体验;稳定性",混合,是,PRD-098-personality-voice-accuracy,待认领,待复核,"评论者认可鲜明人格，但称询问信息时可能不准确，语音识别偶发失败，机器人有时变慢或在 App 中消失"
RVW-069,PRD-098,App Store,美国,5,2025-12-14,未知,"cuts out while talking at times",https://apps.apple.com/us/app/emo-pet/id1536137388,2026-07-17,公开商店,"关系价值;稳定性;对话质量",混合,是,PRD-098-conversation-connectivity,待认领,待复核,"评论者喜爱 EMO，但报告对话期间偶尔中断并提示无法联网，希望连接问题得到修复"
RVW-070,PRD-100,其他,全球,,2025-06-15,固件 2.2.1,"buggy ... she stops responding",https://forums.living.ai/t/aibi-update-v2-2-1/15083,2026-07-17,公开社区,"稳定性;关系连续性;长期循环",混合,是,PRD-100-firmware-stops-responding,待认领,待复核,"评论者认可新互动，但报告更新后 AIBI 偶尔停止响应，需要手动更新或恢复才能重新上线"
RVW-071,PRD-100,其他,全球,,2025-05-13,固件 2.4.0,"Touch interaction seems unchanged",https://forums.living.ai/search?q=AIBI%20Couples%20New%20Firmware%202.4.0,2026-07-17,公开社区,"视觉/具身;主动触达;长期循环",负向,是,PRD-100-touch-still-sleeping,待认领,待复核,"评论者认为触摸互动没有明显变化，AIBI 仍经常保持睡眠状态，升级未带来预期关系反馈"
RVW-072,PRD-100,其他,全球,,2025-05-20,固件 2.2.2,"Bluetooth remains unavailable",https://forums.living.ai/search?q=AIBI%20Update%20V2.2.2,2026-07-17,公开社区,"稳定性;易用性;关系连续性",负向,是,PRD-100-ios-bluetooth-update,待认领,待复核,"评论者报告 iOS App 更新和优化过程缓慢，且在 iPhone 15 Pro Max 上仍无法使用蓝牙连接"
RVW-073,PRD-101,Google Play,美国,1,2026-06-15,未知,"she no longer calls me mama",https://play.google.com/store/apps/details?id=com.ropet.domon&hl=en_US&gl=US,2026-07-17,Playwright,"关系连续性;长期循环;虚拟经济;易用性",负向,是,PRD-101-stage-title-points-regression,待认领,待复核,"评论者称更新后第 3 阶段已获得的称呼消失、Ropet 不再专注于人，并认为食物和物品点数成本过高"
RVW-074,PRD-101,Google Play,美国,1,2026-06-24,未知,"not true ai. Just simple program",https://play.google.com/store/apps/details?id=com.ropet.domon&hl=en_US&gl=US,2026-07-17,Playwright,"产品定位;对话质量;流失原因",负向,是,PRD-101-simple-program-expectation,待认领,待复核,"评论者认为产品行为更像简单程序而非其预期中的 AI，反映营销承诺与可感知智能之间的落差"
RVW-075,PRD-101,Google Play,美国,5,2026-01-08,未知,"fun and enjoyable little companion",https://play.google.com/store/apps/details?id=com.ropet.domon&hl=en_US&gl=US,2026-07-17,Playwright,"关系价值;易用性;视觉/具身",正向,是,PRD-101-fun-cute-easy-app,待认领,待复核,"评论者认为 App 易于操作，Ropet 是有趣、可爱且带来良好情绪的轻量陪伴"
